-- 生成100个订单数据
-- 按照订单数据构建方案分析文档
-- 生成时间: 2025-11-19 15:40:08

-- 正在从数据库获取基础数据...
-- 获取到 58 个商品, 116 个SKU, 20 个用户
-- 设置字符集为utf8mb4，确保中文正确显示
SET NAMES utf8mb4;

-- 插入订单地址快照
INSERT INTO `tz_user_addr_order`(`addr_order_id`,`addr_id`,`user_id`,`receiver`,`province_id`,`province`,`area_id`,`area`,`city_id`,`city`,`addr`,`mobile`,`create_time`,`version`) VALUES
(100,5,'0fe1676cfd0c4f8ca31387d007a010b4','朱强平',510000000000,'四川省',510104000000,'锦江区',510100000000,'成都市','光明巷281号中心40号1146室','15820172043','2025-11-08 14:36:09',0),
(101,5,'0fe1676cfd0c4f8ca31387d007a010b4','朱强平',510000000000,'四川省',510104000000,'锦江区',510100000000,'成都市','光明巷281号中心40号1146室','15820172043','2025-11-09 23:18:09',0),
(102,5,'0fe1676cfd0c4f8ca31387d007a010b4','朱强平',510000000000,'四川省',510104000000,'锦江区',510100000000,'成都市','光明巷281号中心40号1146室','15820172043','2025-10-19 21:40:09',0),
(103,5,'0fe1676cfd0c4f8ca31387d007a010b4','朱强平',510000000000,'四川省',510104000000,'锦江区',510100000000,'成都市','光明巷281号中心40号1146室','15820172043','2025-11-05 11:40:09',0),
(104,5,'0fe1676cfd0c4f8ca31387d007a010b4','朱强平',510000000000,'四川省',510104000000,'锦江区',510100000000,'成都市','光明巷281号中心40号1146室','15820172043','2025-11-12 19:10:09',0),
(105,5,'0fe1676cfd0c4f8ca31387d007a010b4','朱强平',510000000000,'四川省',510104000000,'锦江区',510100000000,'成都市','光明巷281号中心40号1146室','15820172043','2025-10-26 11:57:09',0),
(106,5,'0fe1676cfd0c4f8ca31387d007a010b4','朱强平',510000000000,'四川省',510104000000,'锦江区',510100000000,'成都市','光明巷281号中心40号1146室','15820172043','2025-10-29 12:28:09',0),
(107,5,'0fe1676cfd0c4f8ca31387d007a010b4','朱强平',510000000000,'四川省',510104000000,'锦江区',510100000000,'成都市','光明巷281号中心40号1146室','15820172043','2025-11-01 06:33:09',0),
(108,5,'0fe1676cfd0c4f8ca31387d007a010b4','朱强平',510000000000,'四川省',510104000000,'锦江区',510100000000,'成都市','光明巷281号中心40号1146室','15820172043','2025-11-07 11:42:09',0),
(109,5,'0fe1676cfd0c4f8ca31387d007a010b4','朱强平',510000000000,'四川省',510104000000,'锦江区',510100000000,'成都市','光明巷281号中心40号1146室','15820172043','2025-11-01 11:30:09',0),
(110,5,'0fe1676cfd0c4f8ca31387d007a010b4','朱强平',510000000000,'四川省',510104000000,'锦江区',510100000000,'成都市','光明巷281号中心40号1146室','15820172043','2025-11-15 12:38:09',0),
(111,5,'0fe1676cfd0c4f8ca31387d007a010b4','朱强平',510000000000,'四川省',510104000000,'锦江区',510100000000,'成都市','光明巷281号中心40号1146室','15820172043','2025-11-11 21:37:09',0),
(112,7,'799f8b6f960f4b38bcb64a3b8dff75b1','周娜',510000000000,'四川省',510104000000,'锦江区',510100000000,'成都市','人民街963号苑181号118室','18178643235','2025-10-22 02:38:09',0),
(113,7,'799f8b6f960f4b38bcb64a3b8dff75b1','周娜',510000000000,'四川省',510104000000,'锦江区',510100000000,'成都市','人民街963号苑181号118室','18178643235','2025-10-20 13:25:09',0),
(114,6,'799f8b6f960f4b38bcb64a3b8dff75b1','周娜',440000000000,'广东省',440303000000,'罗湖区',440300000000,'深圳市','解放街538号广场110号1950室','18178643235','2025-10-25 11:05:09',0),
(115,7,'799f8b6f960f4b38bcb64a3b8dff75b1','周娜',510000000000,'四川省',510104000000,'锦江区',510100000000,'成都市','人民街963号苑181号118室','18178643235','2025-11-12 01:59:09',0),
(116,7,'799f8b6f960f4b38bcb64a3b8dff75b1','周娜',510000000000,'四川省',510104000000,'锦江区',510100000000,'成都市','人民街963号苑181号118室','18178643235','2025-11-14 12:07:09',0),
(117,6,'799f8b6f960f4b38bcb64a3b8dff75b1','周娜',440000000000,'广东省',440303000000,'罗湖区',440300000000,'深圳市','解放街538号广场110号1950室','18178643235','2025-10-25 03:54:09',0),
(118,7,'799f8b6f960f4b38bcb64a3b8dff75b1','周娜',510000000000,'四川省',510104000000,'锦江区',510100000000,'成都市','人民街963号苑181号118室','18178643235','2025-11-06 13:08:09',0),
(119,6,'799f8b6f960f4b38bcb64a3b8dff75b1','周娜',440000000000,'广东省',440303000000,'罗湖区',440300000000,'深圳市','解放街538号广场110号1950室','18178643235','2025-10-29 14:49:09',0),
(120,6,'799f8b6f960f4b38bcb64a3b8dff75b1','周娜',440000000000,'广东省',440303000000,'罗湖区',440300000000,'深圳市','解放街538号广场110号1950室','18178643235','2025-11-05 17:55:09',0),
(121,6,'799f8b6f960f4b38bcb64a3b8dff75b1','周娜',440000000000,'广东省',440303000000,'罗湖区',440300000000,'深圳市','解放街538号广场110号1950室','18178643235','2025-11-01 11:28:09',0),
(122,8,'1b97d63283ae4075bc88e8fb831f691f','王刚',320000000000,'江苏省',320102000000,'玄武区',320100000000,'南京市','科技巷654号中心2号1965室','15180489369','2025-11-18 14:29:09',0),
(123,8,'1b97d63283ae4075bc88e8fb831f691f','王刚',320000000000,'江苏省',320102000000,'玄武区',320100000000,'南京市','科技巷654号中心2号1965室','15180489369','2025-11-14 19:04:09',0),
(124,8,'1b97d63283ae4075bc88e8fb831f691f','王刚',320000000000,'江苏省',320102000000,'玄武区',320100000000,'南京市','科技巷654号中心2号1965室','15180489369','2025-11-01 20:55:09',0),
(125,8,'1b97d63283ae4075bc88e8fb831f691f','王刚',320000000000,'江苏省',320102000000,'玄武区',320100000000,'南京市','科技巷654号中心2号1965室','15180489369','2025-10-23 16:29:09',0),
(126,8,'1b97d63283ae4075bc88e8fb831f691f','王刚',320000000000,'江苏省',320102000000,'玄武区',320100000000,'南京市','科技巷654号中心2号1965室','15180489369','2025-11-01 10:50:09',0),
(127,8,'1b97d63283ae4075bc88e8fb831f691f','王刚',320000000000,'江苏省',320102000000,'玄武区',320100000000,'南京市','科技巷654号中心2号1965室','15180489369','2025-11-06 09:07:09',0),
(128,8,'1b97d63283ae4075bc88e8fb831f691f','王刚',320000000000,'江苏省',320102000000,'玄武区',320100000000,'南京市','科技巷654号中心2号1965室','15180489369','2025-10-25 23:37:09',0),
(129,8,'1b97d63283ae4075bc88e8fb831f691f','王刚',320000000000,'江苏省',320102000000,'玄武区',320100000000,'南京市','科技巷654号中心2号1965室','15180489369','2025-11-14 18:58:09',0),
(130,8,'1b97d63283ae4075bc88e8fb831f691f','王刚',320000000000,'江苏省',320102000000,'玄武区',320100000000,'南京市','科技巷654号中心2号1965室','15180489369','2025-11-05 02:18:09',0),
(131,9,'1c34a3c857f44b5d8e571aefc26c2e90','刘伟丽',310000000000,'上海市',310101000000,'黄浦区',310100000000,'市辖区','新华路48号苑119号1451室','13507448901','2025-11-12 18:18:09',0),
(132,10,'1c34a3c857f44b5d8e571aefc26c2e90','刘伟丽',110000000000,'北京市',110101000000,'东城区',110100000000,'市辖区','文化弄476号苑184号1355室','13517670265','2025-11-06 13:26:09',0),
(133,10,'1c34a3c857f44b5d8e571aefc26c2e90','刘伟丽',110000000000,'北京市',110101000000,'东城区',110100000000,'市辖区','文化弄476号苑184号1355室','13517670265','2025-11-06 17:45:09',0),
(134,9,'1c34a3c857f44b5d8e571aefc26c2e90','刘伟丽',310000000000,'上海市',310101000000,'黄浦区',310100000000,'市辖区','新华路48号苑119号1451室','13507448901','2025-10-28 15:10:09',0),
(135,9,'1c34a3c857f44b5d8e571aefc26c2e90','刘伟丽',310000000000,'上海市',310101000000,'黄浦区',310100000000,'市辖区','新华路48号苑119号1451室','13507448901','2025-10-27 05:35:09',0),
(136,10,'1c34a3c857f44b5d8e571aefc26c2e90','刘伟丽',110000000000,'北京市',110101000000,'东城区',110100000000,'市辖区','文化弄476号苑184号1355室','13517670265','2025-11-12 16:02:09',0),
(137,10,'1c34a3c857f44b5d8e571aefc26c2e90','刘伟丽',110000000000,'北京市',110101000000,'东城区',110100000000,'市辖区','文化弄476号苑184号1355室','13517670265','2025-11-02 11:53:09',0),
(138,10,'1c34a3c857f44b5d8e571aefc26c2e90','刘伟丽',110000000000,'北京市',110101000000,'东城区',110100000000,'市辖区','文化弄476号苑184号1355室','13517670265','2025-11-17 02:40:09',0),
(139,11,'e511029f576b479ba3dd3047e690b732','黄杰艳',420000000000,'湖北省',420102000000,'江岸区',420100000000,'武汉市','文化路945号中心68号1615室','18684533296','2025-11-10 09:57:09',0),
(140,11,'e511029f576b479ba3dd3047e690b732','黄杰艳',420000000000,'湖北省',420102000000,'江岸区',420100000000,'武汉市','文化路945号中心68号1615室','18684533296','2025-11-16 02:15:09',0),
(141,11,'e511029f576b479ba3dd3047e690b732','黄杰艳',420000000000,'湖北省',420102000000,'江岸区',420100000000,'武汉市','文化路945号中心68号1615室','18684533296','2025-11-07 15:20:09',0),
(142,11,'e511029f576b479ba3dd3047e690b732','黄杰艳',420000000000,'湖北省',420102000000,'江岸区',420100000000,'武汉市','文化路945号中心68号1615室','18684533296','2025-10-31 10:29:09',0),
(143,11,'e511029f576b479ba3dd3047e690b732','黄杰艳',420000000000,'湖北省',420102000000,'江岸区',420100000000,'武汉市','文化路945号中心68号1615室','18684533296','2025-11-02 17:37:09',0),
(144,11,'e511029f576b479ba3dd3047e690b732','黄杰艳',420000000000,'湖北省',420102000000,'江岸区',420100000000,'武汉市','文化路945号中心68号1615室','18684533296','2025-11-13 17:34:09',0),
(145,11,'e511029f576b479ba3dd3047e690b732','黄杰艳',420000000000,'湖北省',420102000000,'江岸区',420100000000,'武汉市','文化路945号中心68号1615室','18684533296','2025-11-05 08:28:09',0),
(146,11,'e511029f576b479ba3dd3047e690b732','黄杰艳',420000000000,'湖北省',420102000000,'江岸区',420100000000,'武汉市','文化路945号中心68号1615室','18684533296','2025-11-17 04:17:09',0),
(147,12,'a88348479a044e8a81b9982a20fa79f7','刘强霞',330000000000,'浙江省',330105000000,'拱墅区',330100000000,'杭州市','科技巷371号小区65号1358室','13094961225','2025-10-27 22:47:09',0),
(148,12,'a88348479a044e8a81b9982a20fa79f7','刘强霞',330000000000,'浙江省',330105000000,'拱墅区',330100000000,'杭州市','科技巷371号小区65号1358室','13094961225','2025-10-30 01:11:09',0),
(149,13,'a88348479a044e8a81b9982a20fa79f7','刘强霞',440000000000,'广东省',440103000000,'荔湾区',440100000000,'广州市','解放弄166号苑30号1336室','13094961225','2025-11-10 01:21:09',0),
(150,12,'a88348479a044e8a81b9982a20fa79f7','刘强霞',330000000000,'浙江省',330105000000,'拱墅区',330100000000,'杭州市','科技巷371号小区65号1358室','13094961225','2025-10-26 01:32:09',0),
(151,12,'a88348479a044e8a81b9982a20fa79f7','刘强霞',330000000000,'浙江省',330105000000,'拱墅区',330100000000,'杭州市','科技巷371号小区65号1358室','13094961225','2025-10-23 14:40:09',0),
(152,15,'6ecaaaccab2f4fa1ab912d60f0795649','朱霞',420000000000,'湖北省',420103000000,'江汉区',420100000000,'武汉市','科技大道11号公寓30号846室','18252822939','2025-10-28 05:24:09',0),
(153,14,'6ecaaaccab2f4fa1ab912d60f0795649','朱霞',110000000000,'北京市',110105000000,'朝阳区',110100000000,'市辖区','人民巷160号广场136号1179室','18452881256','2025-11-07 12:04:09',0),
(154,15,'6ecaaaccab2f4fa1ab912d60f0795649','朱霞',420000000000,'湖北省',420103000000,'江汉区',420100000000,'武汉市','科技大道11号公寓30号846室','18252822939','2025-10-22 18:23:09',0),
(155,15,'6ecaaaccab2f4fa1ab912d60f0795649','朱霞',420000000000,'湖北省',420103000000,'江汉区',420100000000,'武汉市','科技大道11号公寓30号846室','18252822939','2025-11-11 14:53:09',0),
(156,14,'6ecaaaccab2f4fa1ab912d60f0795649','朱霞',110000000000,'北京市',110105000000,'朝阳区',110100000000,'市辖区','人民巷160号广场136号1179室','18452881256','2025-11-16 04:08:09',0),
(157,16,'6ecaaaccab2f4fa1ab912d60f0795649','朱霞',330000000000,'浙江省',330102000000,'上城区',330100000000,'杭州市','人民路927号广场85号1411室','18252822939','2025-11-11 11:22:09',0),
(158,19,'489160ceb76d44bfb057e85ca37cd227','杨涛',110000000000,'北京市',110108000000,'海淀区',110100000000,'市辖区','和平街514号苑72号1469室','15528809289','2025-11-08 19:42:09',0),
(159,17,'489160ceb76d44bfb057e85ca37cd227','杨涛',310000000000,'上海市',310105000000,'长宁区',310100000000,'市辖区','新华大道401号公寓197号1471室','15528809289','2025-10-24 02:38:09',0),
(160,19,'489160ceb76d44bfb057e85ca37cd227','杨涛',110000000000,'北京市',110108000000,'海淀区',110100000000,'市辖区','和平街514号苑72号1469室','15528809289','2025-11-15 21:14:09',0),
(161,18,'489160ceb76d44bfb057e85ca37cd227','杨涛',440000000000,'广东省',440105000000,'海珠区',440100000000,'广州市','人民巷585号广场50号1111室','15528809289','2025-10-27 05:52:09',0),
(162,18,'489160ceb76d44bfb057e85ca37cd227','杨涛',440000000000,'广东省',440105000000,'海珠区',440100000000,'广州市','人民巷585号广场50号1111室','15528809289','2025-11-09 14:33:09',0),
(163,19,'489160ceb76d44bfb057e85ca37cd227','杨涛',110000000000,'北京市',110108000000,'海淀区',110100000000,'市辖区','和平街514号苑72号1469室','15528809289','2025-11-01 19:55:09',0),
(164,20,'b012012a87f14669ba95d91b20b4e1d9','胡伟',110000000000,'北京市',110108000000,'海淀区',110100000000,'市辖区','文化弄663号中心126号301室','18860109555','2025-11-05 14:37:09',0),
(165,20,'b012012a87f14669ba95d91b20b4e1d9','胡伟',110000000000,'北京市',110108000000,'海淀区',110100000000,'市辖区','文化弄663号中心126号301室','18860109555','2025-11-02 12:24:09',0),
(166,20,'b012012a87f14669ba95d91b20b4e1d9','胡伟',110000000000,'北京市',110108000000,'海淀区',110100000000,'市辖区','文化弄663号中心126号301室','18860109555','2025-10-20 23:03:09',0),
(167,20,'b012012a87f14669ba95d91b20b4e1d9','胡伟',110000000000,'北京市',110108000000,'海淀区',110100000000,'市辖区','文化弄663号中心126号301室','18860109555','2025-11-13 14:50:09',0),
(168,21,'dd4e49c23a1a4ea19428782706ade23c','高秀英',440000000000,'广东省',440303000000,'罗湖区',440300000000,'深圳市','建设路278号苑1号689室','13626164115','2025-10-23 13:16:09',0),
(169,21,'dd4e49c23a1a4ea19428782706ade23c','高秀英',440000000000,'广东省',440303000000,'罗湖区',440300000000,'深圳市','建设路278号苑1号689室','13626164115','2025-10-31 19:01:09',0),
(170,21,'dd4e49c23a1a4ea19428782706ade23c','高秀英',440000000000,'广东省',440303000000,'罗湖区',440300000000,'深圳市','建设路278号苑1号689室','13626164115','2025-11-09 05:38:09',0),
(171,21,'dd4e49c23a1a4ea19428782706ade23c','高秀英',440000000000,'广东省',440303000000,'罗湖区',440300000000,'深圳市','建设路278号苑1号689室','13626164115','2025-11-14 16:09:09',0),
(172,21,'dd4e49c23a1a4ea19428782706ade23c','高秀英',440000000000,'广东省',440303000000,'罗湖区',440300000000,'深圳市','建设路278号苑1号689室','13626164115','2025-11-11 11:30:09',0),
(173,21,'dd4e49c23a1a4ea19428782706ade23c','高秀英',440000000000,'广东省',440303000000,'罗湖区',440300000000,'深圳市','建设路278号苑1号689室','13626164115','2025-11-10 12:14:09',0),
(174,24,'f416238b1ce142ce869324ea9820c402','徐伟',440000000000,'广东省',440103000000,'荔湾区',440100000000,'广州市','科技路706号广场57号1255室','18594663561','2025-11-18 14:02:09',0),
(175,24,'f416238b1ce142ce869324ea9820c402','徐伟',440000000000,'广东省',440103000000,'荔湾区',440100000000,'广州市','科技路706号广场57号1255室','18594663561','2025-11-17 20:13:09',0),
(176,24,'f416238b1ce142ce869324ea9820c402','徐伟',440000000000,'广东省',440103000000,'荔湾区',440100000000,'广州市','科技路706号广场57号1255室','18594663561','2025-11-05 15:52:09',0),
(177,24,'f416238b1ce142ce869324ea9820c402','徐伟',440000000000,'广东省',440103000000,'荔湾区',440100000000,'广州市','科技路706号广场57号1255室','18594663561','2025-11-12 03:29:09',0),
(178,25,'28115f59248e4b1a983ca52f3fe2d3ec','陈桂英',510000000000,'四川省',510105000000,'青羊区',510100000000,'成都市','光明路570号中心39号1036室','13011991566','2025-10-27 03:41:09',0),
(179,25,'28115f59248e4b1a983ca52f3fe2d3ec','陈桂英',510000000000,'四川省',510105000000,'青羊区',510100000000,'成都市','光明路570号中心39号1036室','13011991566','2025-10-30 09:57:09',0),
(180,25,'28115f59248e4b1a983ca52f3fe2d3ec','陈桂英',510000000000,'四川省',510105000000,'青羊区',510100000000,'成都市','光明路570号中心39号1036室','13011991566','2025-10-19 16:03:09',0),
(181,25,'28115f59248e4b1a983ca52f3fe2d3ec','陈桂英',510000000000,'四川省',510105000000,'青羊区',510100000000,'成都市','光明路570号中心39号1036室','13011991566','2025-11-09 04:29:09',0),
(182,26,'6a16641c00a04e8b80fdb3e1eaf06e39','朱敏超',110000000000,'北京市',110106000000,'丰台区',110100000000,'市辖区','光明弄870号苑38号195室','15601513668','2025-10-31 09:14:09',0),
(183,27,'6a16641c00a04e8b80fdb3e1eaf06e39','朱敏超',110000000000,'北京市',110101000000,'东城区',110100000000,'市辖区','中山街761号大厦171号1723室','13449262245','2025-11-04 21:59:09',0),
(184,27,'6a16641c00a04e8b80fdb3e1eaf06e39','朱敏超',110000000000,'北京市',110101000000,'东城区',110100000000,'市辖区','中山街761号大厦171号1723室','13449262245','2025-11-05 03:03:09',0),
(185,27,'6a16641c00a04e8b80fdb3e1eaf06e39','朱敏超',110000000000,'北京市',110101000000,'东城区',110100000000,'市辖区','中山街761号大厦171号1723室','13449262245','2025-11-17 05:26:09',0),
(186,27,'6a16641c00a04e8b80fdb3e1eaf06e39','朱敏超',110000000000,'北京市',110101000000,'东城区',110100000000,'市辖区','中山街761号大厦171号1723室','13449262245','2025-10-23 09:24:09',0),
(187,29,'594a9b83cb714b3abc87aeb294f9d1f2','胡洋明',510000000000,'四川省',510105000000,'青羊区',510100000000,'成都市','建设弄415号小区40号686室','13037974224','2025-11-12 08:27:09',0),
(188,30,'594a9b83cb714b3abc87aeb294f9d1f2','胡洋明',110000000000,'北京市',110106000000,'丰台区',110100000000,'市辖区','文化大道175号园2号1341室','18031250310','2025-10-23 02:59:09',0),
(189,28,'594a9b83cb714b3abc87aeb294f9d1f2','胡洋明',440000000000,'广东省',440104000000,'越秀区',440100000000,'广州市','文化大道60号中心97号1364室','13475514216','2025-11-13 17:43:09',0),
(190,28,'594a9b83cb714b3abc87aeb294f9d1f2','胡洋明',440000000000,'广东省',440104000000,'越秀区',440100000000,'广州市','文化大道60号中心97号1364室','13475514216','2025-10-27 20:40:09',0),
(191,30,'594a9b83cb714b3abc87aeb294f9d1f2','胡洋明',110000000000,'北京市',110106000000,'丰台区',110100000000,'市辖区','文化大道175号园2号1341室','18031250310','2025-11-13 12:21:09',0),
(192,31,'87a6902c0adb47e8b2ad325748ff18a2','孙洋',440000000000,'广东省',440304000000,'福田区',440300000000,'深圳市','建设弄141号中心179号341室','15574664666','2025-11-02 08:10:09',0),
(193,31,'87a6902c0adb47e8b2ad325748ff18a2','孙洋',440000000000,'广东省',440304000000,'福田区',440300000000,'深圳市','建设弄141号中心179号341室','15574664666','2025-11-11 08:36:09',0),
(194,31,'87a6902c0adb47e8b2ad325748ff18a2','孙洋',440000000000,'广东省',440304000000,'福田区',440300000000,'深圳市','建设弄141号中心179号341室','15574664666','2025-11-12 03:49:09',0),
(195,31,'87a6902c0adb47e8b2ad325748ff18a2','孙洋',440000000000,'广东省',440304000000,'福田区',440300000000,'深圳市','建设弄141号中心179号341室','15574664666','2025-11-08 00:30:09',0),
(196,31,'87a6902c0adb47e8b2ad325748ff18a2','孙洋',440000000000,'广东省',440304000000,'福田区',440300000000,'深圳市','建设弄141号中心179号341室','15574664666','2025-10-31 07:26:09',0),
(197,32,'743fbe772665404fad4ef7442108fe48','杨秀兰',440000000000,'广东省',440103000000,'荔湾区',440100000000,'广州市','人民街1号苑95号672室','13413582935','2025-10-25 03:38:09',0),
(198,35,'4016cc54d6714b1da73c6f780f10b346','徐桂英',310000000000,'上海市',310101000000,'黄浦区',310100000000,'市辖区','胜利大道626号园2号202室','15045772557','2025-10-22 02:27:09',0),
(199,36,'cc7a2ab7dfea491f8ffc8e0b5e6fbb89','朱秀兰军',510000000000,'四川省',510104000000,'锦江区',510100000000,'成都市','和平大道382号中心69号1687室','13775654482','2025-11-08 19:00:09',0);

-- 插入订单主表
INSERT INTO `tz_order`(`order_id`,`shop_id`,`prod_name`,`user_id`,`order_number`,`total`,`actual_total`,`pay_type`,`remarks`,`status`,`dvy_type`,`dvy_id`,`dvy_flow_id`,`freight_amount`,`addr_order_id`,`product_nums`,`create_time`,`update_time`,`pay_time`,`dvy_time`,`finally_time`,`cancel_time`,`is_payed`,`delete_status`,`refund_sts`,`reduce_amount`,`order_type`,`close_type`) VALUES
(17635380093863091,1,'Apple iPhone XS Max 移动联通电信4G手机 ','0fe1676cfd0c4f8ca31387d007a010b4','17635380093863091',7606.00,7606.00,2,NULL,5,NULL,NULL,'412695289140',0.00,100,1,'2025-11-08 14:36:09','2025-11-08 14:36:09','2025-11-08 14:59:09','2025-11-11 14:59:09','2025-11-17 14:59:09',NULL,1,0,0,0.00,NULL,NULL),
(17635380093907311,1,'好孩子 婴儿推车','0fe1676cfd0c4f8ca31387d007a010b4','17635380093907311',2397.00,2397.00,1,NULL,5,NULL,NULL,'423948359357',0.00,101,3,'2025-11-09 23:18:09','2025-11-09 23:18:09','2025-11-10 00:01:09','2025-11-11 00:01:09','2025-11-13 00:01:09',NULL,1,0,0,0.00,NULL,NULL),
(17635380093948504,1,'旗舰店官网 自拍神器 梵高定制','0fe1676cfd0c4f8ca31387d007a010b4','17635380093948504',6998.00,6998.00,NULL,NULL,6,NULL,NULL,'',0.00,102,1,'2025-10-19 21:40:09','2025-10-19 21:40:09',NULL,NULL,NULL,'2025-10-19 22:09:09',0,0,0,0.00,NULL,4),
(17635380094053490,1,'Columbia 冲锋衣','0fe1676cfd0c4f8ca31387d007a010b4','17635380094053490',1598.00,1598.00,1,NULL,5,NULL,NULL,'095585076331',0.00,103,2,'2025-11-05 11:40:09','2025-11-05 11:40:09','2025-11-05 12:33:09','2025-11-06 12:33:09','2025-11-12 12:33:09',NULL,1,0,0,0.00,NULL,NULL),
(17635380094123462,1,'Columbia 冲锋衣','0fe1676cfd0c4f8ca31387d007a010b4','17635380094123462',799.00,759.05,NULL,NULL,1,NULL,NULL,'',0.00,104,1,'2025-11-12 19:10:09','2025-11-12 19:10:09',NULL,NULL,NULL,NULL,0,0,0,39.95,NULL,NULL),
(17635380094159151,1,'阴阳师寮办秘制 月见和菓子 184克','0fe1676cfd0c4f8ca31387d007a010b4','17635380094159151',22.00,42.00,1,NULL,3,NULL,NULL,'485653279437',20.00,105,1,'2025-10-26 11:57:09','2025-10-26 11:57:09','2025-10-26 12:18:09','2025-10-28 12:18:09',NULL,NULL,1,0,0,0.00,NULL,NULL),
(17635380094194062,1,'L\'Oreal 欧莱雅持妆粉底液','0fe1676cfd0c4f8ca31387d007a010b4','17635380094194062',179.00,179.00,1,NULL,5,NULL,NULL,'305252319914',0.00,106,1,'2025-10-29 12:28:09','2025-10-29 12:28:09','2025-10-29 12:54:09','2025-10-30 12:54:09','2025-11-03 12:54:09',NULL,1,0,0,0.00,NULL,NULL),
(17635380094298991,1,'Osprey 户外登山背包,专业瑜伽垫 防滑加厚,Columbia 冲锋衣,Coleman 户外帐篷','0fe1676cfd0c4f8ca31387d007a010b4','17635380094298991',4753.00,4753.00,2,NULL,5,NULL,NULL,'970867249024',0.00,107,7,'2025-11-01 06:33:09','2025-11-01 06:33:09','2025-11-01 07:27:09','2025-11-03 07:27:09','2025-11-13 07:27:09',NULL,1,0,0,0.00,NULL,NULL),
(17635380094398516,1,'美赞臣 婴幼儿配方奶粉','0fe1676cfd0c4f8ca31387d007a010b4','17635380094398516',837.00,837.00,NULL,NULL,1,NULL,NULL,'',0.00,108,3,'2025-11-07 11:42:09','2025-11-07 11:42:09',NULL,NULL,NULL,NULL,0,0,0,0.00,NULL,NULL),
(17635380094495525,1,'小米14 5G智能手机','0fe1676cfd0c4f8ca31387d007a010b4','17635380094495525',7398.00,6658.20,2,NULL,3,NULL,NULL,'364665346585',0.00,109,2,'2025-11-01 11:30:09','2025-11-01 11:30:09','2025-11-01 11:50:09','2025-11-04 11:50:09',NULL,NULL,1,0,0,739.80,NULL,NULL),
(17635380094545278,1,'阴阳师寮办秘制 月见和菓子 184克,三只松鼠每日坚果,【Dole都乐】菲律宾都乐非转基因木瓜1只 单只约410g,测试商品A,测试商品C','0fe1676cfd0c4f8ca31387d007a010b4','17635380094545278',517.00,517.00,2,NULL,5,NULL,NULL,'275395142499',0.00,110,11,'2025-11-15 12:38:09','2025-11-15 12:38:09','2025-11-15 13:23:09','2025-11-16 13:23:09','2025-11-17 13:23:09',NULL,1,0,0,0.00,NULL,NULL),
(17635380094578658,1,'旗舰店官网 自拍神器 梵高定制','0fe1676cfd0c4f8ca31387d007a010b4','17635380094578658',6999.00,6999.00,1,NULL,5,NULL,NULL,'866240511348',0.00,111,1,'2025-11-11 21:37:09','2025-11-11 21:37:09','2025-11-11 21:42:09','2025-11-12 21:42:09','2025-11-18 21:42:09',NULL,1,0,0,0.00,NULL,NULL),
(17635380094626669,1,'SK-II 护肤精华露 神仙水,兰蔻粉水清滢柔肤水400ml 爽肤水女保湿舒缓滋润嫩肤','799f8b6f960f4b38bcb64a3b8dff75b1','17635380094626669',4890.00,4890.00,1,NULL,5,NULL,NULL,'956152752223',0.00,112,4,'2025-10-22 02:38:09','2025-10-22 02:38:09','2025-10-22 03:02:09','2025-10-24 03:02:09','2025-11-04 03:02:09',NULL,1,0,0,0.00,NULL,NULL),
(17635380094656025,1,'Nike Air Max 270 运动鞋,Coleman 户外帐篷','799f8b6f960f4b38bcb64a3b8dff75b1','17635380094656025',3196.00,3036.20,1,NULL,2,NULL,NULL,'',0.00,113,4,'2025-10-20 13:25:09','2025-10-20 13:25:09','2025-10-20 13:33:09',NULL,NULL,NULL,1,0,0,159.80,NULL,NULL),
(17635380094697042,1,'L\'Oreal 欧莱雅持妆粉底液','799f8b6f960f4b38bcb64a3b8dff75b1','17635380094697042',179.00,161.10,2,NULL,5,NULL,NULL,'234026156272',0.00,114,1,'2025-10-25 11:05:09','2025-10-25 11:05:09','2025-10-25 11:41:09','2025-10-28 11:41:09','2025-11-01 11:41:09',NULL,1,0,0,17.90,NULL,NULL),
(17635380094755259,1,'小米14 5G智能手机','799f8b6f960f4b38bcb64a3b8dff75b1','17635380094755259',11097.00,11097.00,1,NULL,4,NULL,NULL,'060492598690',0.00,115,3,'2025-11-12 01:59:09','2025-11-12 01:59:09','2025-11-12 02:04:09','2025-11-14 02:04:09','2025-11-15 02:04:09',NULL,1,0,0,0.00,NULL,NULL),
(17635380094796972,1,'Pilot 百乐钢笔','799f8b6f960f4b38bcb64a3b8dff75b1','17635380094796972',538.00,511.10,2,NULL,2,NULL,NULL,'',0.00,116,2,'2025-11-14 12:07:09','2025-11-14 12:07:09','2025-11-14 12:34:09',NULL,NULL,NULL,1,0,0,26.90,NULL,NULL),
(17635380094822233,1,'华为Mate 60 Pro 5G手机','799f8b6f960f4b38bcb64a3b8dff75b1','17635380094822233',19497.00,19497.00,2,NULL,2,NULL,NULL,'',0.00,117,3,'2025-10-25 03:54:09','2025-10-25 03:54:09','2025-10-25 04:42:09',NULL,NULL,NULL,1,0,0,0.00,NULL,NULL),
(17635380094846996,1,'Coleman 户外帐篷','799f8b6f960f4b38bcb64a3b8dff75b1','17635380094846996',1598.00,1598.00,1,NULL,4,NULL,NULL,'656807512587',0.00,118,2,'2025-11-06 13:08:09','2025-11-06 13:08:09','2025-11-06 13:56:09','2025-11-09 13:56:09','2025-11-13 13:56:09',NULL,1,0,0,0.00,NULL,NULL),
(17635380094879522,1,'Apple iPad Pro 12.9英寸平板电脑','799f8b6f960f4b38bcb64a3b8dff75b1','17635380094879522',16998.00,16998.00,2,NULL,3,NULL,NULL,'723076484478',0.00,119,2,'2025-10-29 14:49:09','2025-10-29 14:49:09','2025-10-29 15:33:09','2025-10-31 15:33:09',NULL,NULL,1,0,0,0.00,NULL,NULL),
(17635380094917347,1,'Columbia 冲锋衣,Coleman 户外帐篷','799f8b6f960f4b38bcb64a3b8dff75b1','17635380094917347',4794.00,4794.00,1,NULL,3,NULL,NULL,'274141642975',0.00,120,6,'2025-11-05 17:55:09','2025-11-05 17:55:09','2025-11-05 18:01:09','2025-11-07 18:01:09',NULL,NULL,1,0,0,0.00,NULL,NULL),
(17635380094951038,1,'3M 汽车隔热膜,高清行车记录仪,无印良品 简约玻璃花瓶,飞利浦 LED护眼台灯,Amazon Kindle Paperwhite 电子书阅读器','799f8b6f960f4b38bcb64a3b8dff75b1','17635380094951038',9968.00,8971.20,NULL,NULL,1,NULL,NULL,'',0.00,121,12,'2025-11-01 11:28:09','2025-11-01 11:28:09',NULL,NULL,NULL,NULL,0,0,0,996.80,NULL,NULL),
(17635380094999497,1,'【Dole都乐】比利时Truval啤梨12只 进口水果新鲜梨 单果120g左右,测试商品C','1b97d63283ae4075bc88e8fb831f691f','17635380094999497',188.00,188.00,1,NULL,3,NULL,NULL,'335296442817',0.00,122,4,'2025-11-18 14:29:09','2025-11-18 14:29:09','2025-11-18 14:51:09','2025-11-19 14:51:09',NULL,NULL,1,0,0,0.00,NULL,NULL),
(17635380095017033,1,'Adidas 阿迪达斯运动套装','1b97d63283ae4075bc88e8fb831f691f','17635380095017033',1098.00,1098.00,NULL,NULL,6,NULL,NULL,'',0.00,123,2,'2025-11-14 19:04:09','2025-11-14 19:04:09',NULL,NULL,NULL,'2025-11-14 19:19:09',0,0,0,0.00,NULL,4),
(17635380095036686,1,'Dior 迪奥烈艳蓝金唇膏','1b97d63283ae4075bc88e8fb831f691f','17635380095036686',1050.00,945.00,1,NULL,3,NULL,NULL,'606844331746',0.00,124,3,'2025-11-01 20:55:09','2025-11-01 20:55:09','2025-11-01 21:07:09','2025-11-04 21:07:09',NULL,NULL,1,0,0,105.00,NULL,NULL),
(17635380095074286,1,'汽车香氛 车载香水','1b97d63283ae4075bc88e8fb831f691f','17635380095074286',98.00,98.00,2,NULL,2,NULL,NULL,'',0.00,125,2,'2025-10-23 16:29:09','2025-10-23 16:29:09','2025-10-23 17:17:09',NULL,NULL,NULL,1,0,0,0.00,NULL,NULL),
(17635380095117952,1,'Samsung Galaxy S24 Ultra 5G手机,Apple iPad Pro 12.9英寸平板电脑','1b97d63283ae4075bc88e8fb831f691f','17635380095117952',16998.00,16998.00,1,NULL,5,NULL,NULL,'167929179651',0.00,126,2,'2025-11-01 10:50:09','2025-11-01 10:50:09','2025-11-01 11:35:09','2025-11-03 11:35:09','2025-11-17 11:35:09',NULL,1,0,0,0.00,NULL,NULL),
(17635380095173358,1,'Apple AirPods Pro 2 无线耳机','1b97d63283ae4075bc88e8fb831f691f','17635380095173358',1699.00,1699.00,1,NULL,5,NULL,NULL,'882007964543',0.00,127,1,'2025-11-06 09:07:09','2025-11-06 09:07:09','2025-11-06 09:26:09','2025-11-08 09:26:09','2025-11-10 09:26:09',NULL,1,0,0,0.00,NULL,NULL),
(17635380095207562,2,'旺仔牛奶','1b97d63283ae4075bc88e8fb831f691f','17635380095207562',300.00,270.00,2,NULL,2,NULL,NULL,'',0.00,128,3,'2025-10-25 23:37:09','2025-10-25 23:37:09','2025-10-26 00:22:09',NULL,NULL,NULL,1,0,0,30.00,NULL,NULL),
(17635380095244688,1,'飞利浦 LED护眼台灯,IKEA 宜家双人床','1b97d63283ae4075bc88e8fb831f691f','17635380095244688',2517.00,2391.15,1,NULL,2,NULL,NULL,'',0.00,129,3,'2025-11-14 18:58:09','2025-11-14 18:58:09','2025-11-14 19:33:09',NULL,NULL,NULL,1,0,0,125.85,NULL,NULL),
(17635380095348565,1,'飞利浦 LED护眼台灯','1b97d63283ae4075bc88e8fb831f691f','17635380095348565',359.00,341.05,NULL,NULL,1,NULL,NULL,'',0.00,130,1,'2025-11-05 02:18:09','2025-11-05 02:18:09',NULL,NULL,NULL,NULL,0,0,0,17.95,NULL,NULL),
(17635380095451452,1,'Nike Air Max 270 运动鞋,Adidas 阿迪达斯运动套装','1c34a3c857f44b5d8e571aefc26c2e90','17635380095451452',3245.00,3245.00,1,NULL,4,NULL,NULL,'342976795289',0.00,131,5,'2025-11-12 18:18:09','2025-11-12 18:18:09','2025-11-12 18:32:09','2025-11-13 18:32:09','2025-11-14 18:32:09',NULL,1,0,0,0.00,NULL,NULL),
(17635380095476344,1,'Apple AirPods Pro 2 无线耳机','1c34a3c857f44b5d8e571aefc26c2e90','17635380095476344',3398.00,3058.20,1,NULL,5,NULL,NULL,'484074729442',0.00,132,2,'2025-11-06 13:26:09','2025-11-06 13:26:09','2025-11-06 14:20:09','2025-11-08 14:20:09','2025-11-11 14:20:09',NULL,1,0,0,339.80,NULL,NULL),
(17635380095513865,2,'旺仔牛奶','1c34a3c857f44b5d8e571aefc26c2e90','17635380095513865',200.00,200.00,1,NULL,5,NULL,NULL,'361604066805',0.00,133,2,'2025-11-06 17:45:09','2025-11-06 17:45:09','2025-11-06 18:03:09','2025-11-07 18:03:09','2025-11-18 18:03:09',NULL,1,0,0,0.00,NULL,NULL),
(17635380095558093,1,'高清行车记录仪,IKEA 宜家三人沙发','1c34a3c857f44b5d8e571aefc26c2e90','17635380095558093',6116.00,6116.00,NULL,NULL,1,NULL,NULL,'',0.00,134,4,'2025-10-28 15:10:09','2025-10-28 15:10:09',NULL,NULL,NULL,NULL,0,0,0,0.00,NULL,NULL),
(17635380095576687,1,'Pilot 百乐钢笔,Coach 蔻驰经典手提包','1c34a3c857f44b5d8e571aefc26c2e90','17635380095576687',6405.00,6405.00,NULL,NULL,1,NULL,NULL,'',0.00,135,5,'2025-10-27 05:35:09','2025-10-27 05:35:09',NULL,NULL,NULL,NULL,0,0,0,0.00,NULL,NULL),
(17635380095649089,1,'专业瑜伽垫 防滑加厚','1c34a3c857f44b5d8e571aefc26c2e90','17635380095649089',179.00,179.00,NULL,NULL,1,NULL,NULL,'',0.00,136,1,'2025-11-12 16:02:09','2025-11-12 16:02:09',NULL,NULL,NULL,NULL,0,0,0,0.00,NULL,NULL),
(17635380095754333,1,'L\'Oreal 欧莱雅持妆粉底液','1c34a3c857f44b5d8e571aefc26c2e90','17635380095754333',537.00,537.00,2,NULL,3,NULL,NULL,'547104040814',0.00,137,3,'2025-11-02 11:53:09','2025-11-02 11:53:09','2025-11-02 12:16:09','2025-11-03 12:16:09',NULL,NULL,1,0,0,0.00,NULL,NULL),
(17635380095776323,1,'三只松鼠每日坚果,测试商品C,阴阳师寮办秘制 月见和菓子 184克,【Dole都乐】比利时Truval啤梨12只 进口水果新鲜梨 单果120g左右','1c34a3c857f44b5d8e571aefc26c2e90','17635380095776323',445.00,445.00,1,NULL,2,NULL,NULL,'',0.00,138,9,'2025-11-17 02:40:09','2025-11-17 02:40:09','2025-11-17 02:54:09',NULL,NULL,NULL,1,0,0,0.00,NULL,NULL),
(17635380095822262,1,'Apple MacBook Pro 14英寸笔记本电脑','e511029f576b479ba3dd3047e690b732','17635380095822262',44997.00,44997.00,2,NULL,4,NULL,NULL,'709663025620',0.00,139,3,'2025-11-10 09:57:09','2025-11-10 09:57:09','2025-11-10 10:56:09','2025-11-11 10:56:09','2025-11-16 10:56:09',NULL,1,0,0,0.00,NULL,NULL),
(17635380095845441,1,'费列罗榛果威化巧克力','e511029f576b479ba3dd3047e690b732','17635380095845441',297.00,267.30,1,NULL,5,NULL,NULL,'283934359873',0.00,140,3,'2025-11-16 02:15:09','2025-11-16 02:15:09','2025-11-16 02:38:09','2025-11-17 02:38:09','2025-11-18 02:38:09',NULL,1,0,0,29.70,NULL,NULL),
(17635380095876692,1,'专业钓鱼竿,Adidas 阿迪达斯运动套装,Osprey 户外登山背包,Nike LeBron 20 篮球鞋','e511029f576b479ba3dd3047e690b732','17635380095876692',6971.00,6273.90,2,NULL,2,NULL,NULL,'',0.00,141,9,'2025-11-07 15:20:09','2025-11-07 15:20:09','2025-11-07 15:41:09',NULL,NULL,NULL,1,0,0,697.10,NULL,NULL),
(17635380095917509,1,'费列罗榛果威化巧克力','e511029f576b479ba3dd3047e690b732','17635380095917509',99.00,99.00,NULL,NULL,1,NULL,NULL,'',0.00,142,1,'2025-10-31 10:29:09','2025-10-31 10:29:09',NULL,NULL,NULL,NULL,0,0,0,0.00,NULL,NULL),
(17635380095941153,1,'汽车香氛 车载香水','e511029f576b479ba3dd3047e690b732','17635380095941153',49.00,54.10,2,NULL,5,NULL,NULL,'991787981899',10.00,143,1,'2025-11-02 17:37:09','2025-11-02 17:37:09','2025-11-02 18:26:09','2025-11-05 18:26:09','2025-11-06 18:26:09',NULL,1,0,0,4.90,NULL,NULL),
(17635380095984461,1,'专业钓鱼竿','e511029f576b479ba3dd3047e690b732','17635380095984461',359.00,359.00,2,NULL,5,NULL,NULL,'769347555836',0.00,144,1,'2025-11-13 17:34:09','2025-11-13 17:34:09','2025-11-13 18:13:09','2025-11-14 18:13:09','2025-11-15 18:13:09',NULL,1,0,0,0.00,NULL,NULL),
(17635380095997026,1,'可口可乐 经典汽水','e511029f576b479ba3dd3047e690b732','17635380095997026',9.00,18.55,NULL,NULL,1,NULL,NULL,'',10.00,145,2,'2025-11-05 08:28:09','2025-11-05 08:28:09',NULL,NULL,NULL,NULL,0,0,0,0.45,NULL,NULL),
(17635380096018102,1,'Osprey 户外登山背包','e511029f576b479ba3dd3047e690b732','17635380096018102',1199.00,1079.10,2,NULL,3,NULL,NULL,'168901265732',0.00,146,1,'2025-11-17 04:17:09','2025-11-17 04:17:09','2025-11-17 04:34:09','2025-11-19 04:34:09',NULL,NULL,1,0,0,119.90,NULL,NULL),
(17635380096021535,1,'L\'Oreal 欧莱雅持妆粉底液','a88348479a044e8a81b9982a20fa79f7','17635380096021535',358.00,322.20,NULL,NULL,6,NULL,NULL,'',0.00,147,2,'2025-10-27 22:47:09','2025-10-27 22:47:09',NULL,NULL,NULL,'2025-10-27 22:49:09',0,0,0,35.80,NULL,4),
(17635380096034990,2,'旺仔牛奶','a88348479a044e8a81b9982a20fa79f7','17635380096034990',300.00,300.00,2,NULL,4,NULL,NULL,'129984740068',0.00,148,3,'2025-10-30 01:11:09','2025-10-30 01:11:09','2025-10-30 02:10:09','2025-11-02 02:10:09','2025-11-05 02:10:09',NULL,1,0,0,0.00,NULL,NULL),
(17635380096043303,1,'无印良品 简约玻璃花瓶,Rolex 劳力士经典腕表,美赞臣 婴幼儿配方奶粉,Moleskine 经典笔记本','a88348479a044e8a81b9982a20fa79f7','17635380096043303',115151.00,109393.45,1,NULL,4,NULL,NULL,'627506332868',0.00,149,9,'2025-11-10 01:21:09','2025-11-10 01:21:09','2025-11-10 01:34:09','2025-11-11 01:34:09','2025-11-14 01:34:09',NULL,1,0,0,5757.55,NULL,NULL),
(17635380096065528,1,'Pilot 百乐钢笔,美赞臣 婴幼儿配方奶粉','a88348479a044e8a81b9982a20fa79f7','17635380096065528',817.00,817.00,1,NULL,5,NULL,NULL,'330398629252',0.00,150,3,'2025-10-26 01:32:09','2025-10-26 01:32:09','2025-10-26 02:10:09','2025-10-29 02:10:09','2025-11-13 02:10:09',NULL,1,0,0,0.00,NULL,NULL),
(17635380096134691,1,'3M 汽车隔热膜','a88348479a044e8a81b9982a20fa79f7','17635380096134691',5397.00,5397.00,2,NULL,5,NULL,NULL,'277325867984',0.00,151,3,'2025-10-23 14:40:09','2025-10-23 14:40:09','2025-10-23 15:31:09','2025-10-26 15:31:09','2025-10-30 15:31:09',NULL,1,0,0,0.00,NULL,NULL),
(17635380096178002,1,'Chanel 香奈儿5号香水','6ecaaaccab2f4fa1ab912d60f0795649','17635380096178002',2200.00,2200.00,NULL,NULL,6,NULL,NULL,'',0.00,152,2,'2025-10-28 05:24:09','2025-10-28 05:24:09',NULL,NULL,NULL,'2025-10-28 05:40:09',0,0,0,0.00,NULL,4),
(17635380096211637,1,'Coach 蔻驰经典手提包,IKEA 宜家三人沙发','6ecaaaccab2f4fa1ab912d60f0795649','17635380096211637',5498.00,5223.10,1,NULL,3,NULL,NULL,'491722597872',0.00,153,2,'2025-11-07 12:04:09','2025-11-07 12:04:09','2025-11-07 12:30:09','2025-11-08 12:30:09',NULL,NULL,1,0,0,274.90,NULL,NULL),
(17635380096259725,1,'Chanel 香奈儿5号香水','6ecaaaccab2f4fa1ab912d60f0795649','17635380096259725',1100.00,1045.00,2,NULL,5,NULL,NULL,'563804557130',0.00,154,1,'2025-10-22 18:23:09','2025-10-22 18:23:09','2025-10-22 18:59:09','2025-10-25 18:59:09','2025-10-27 18:59:09',NULL,1,0,0,55.00,NULL,NULL),
(17635380096333814,1,'测试商品B','6ecaaaccab2f4fa1ab912d60f0795649','17635380096333814',80.00,90.00,1,NULL,5,NULL,NULL,'167478528057',10.00,155,2,'2025-11-11 14:53:09','2025-11-11 14:53:09','2025-11-11 15:53:09','2025-11-13 15:53:09','2025-11-15 15:53:09',NULL,1,0,0,0.00,NULL,NULL),
(17635380096449504,1,'Apple AirPods Pro 2 无线耳机','6ecaaaccab2f4fa1ab912d60f0795649','17635380096449504',1699.00,1699.00,2,NULL,3,NULL,NULL,'538304720206',0.00,156,1,'2025-11-16 04:08:09','2025-11-16 04:08:09','2025-11-16 04:20:09','2025-11-18 04:20:09',NULL,NULL,1,0,0,0.00,NULL,NULL),
(17635380096489152,1,'费列罗榛果威化巧克力,【Dole都乐】比利时Truval啤梨12只 进口水果新鲜梨 单果120g左右','6ecaaaccab2f4fa1ab912d60f0795649','17635380096489152',213.00,213.00,2,NULL,3,NULL,NULL,'295131516715',0.00,157,4,'2025-11-11 11:22:09','2025-11-11 11:22:09','2025-11-11 12:09:09','2025-11-14 12:09:09',NULL,NULL,1,0,0,0.00,NULL,NULL),
(17635380096532583,1,'三只松鼠每日坚果','489160ceb76d44bfb057e85ca37cd227','17635380096532583',237.00,237.00,2,NULL,2,NULL,NULL,'',0.00,158,3,'2025-11-08 19:42:09','2025-11-08 19:42:09','2025-11-08 20:31:09',NULL,NULL,NULL,1,0,0,0.00,NULL,NULL),
(17635380096574200,1,'Osprey 户外登山背包','489160ceb76d44bfb057e85ca37cd227','17635380096574200',1199.00,1139.05,NULL,NULL,1,NULL,NULL,'',0.00,159,1,'2025-10-24 02:38:09','2025-10-24 02:38:09',NULL,NULL,NULL,NULL,0,0,0,59.95,NULL,NULL),
(17635380096668701,1,'小米14 5G智能手机','489160ceb76d44bfb057e85ca37cd227','17635380096668701',11097.00,11097.00,2,NULL,5,NULL,NULL,'014806825957',0.00,160,3,'2025-11-15 21:14:09','2025-11-15 21:14:09','2025-11-15 22:01:09','2025-11-18 22:01:09','2025-11-19 22:01:09',NULL,1,0,0,0.00,NULL,NULL),
(17635380096691640,1,'得力 办公文具套装','489160ceb76d44bfb057e85ca37cd227','17635380096691640',237.00,237.00,1,NULL,4,NULL,NULL,'229426505274',0.00,161,3,'2025-10-27 05:52:09','2025-10-27 05:52:09','2025-10-27 06:46:09','2025-10-28 06:46:09','2025-11-03 06:46:09',NULL,1,0,0,0.00,NULL,NULL),
(17635380096737581,1,'IKEA 宜家三人沙发','489160ceb76d44bfb057e85ca37cd227','17635380096737581',5398.00,5398.00,1,NULL,5,NULL,NULL,'761409124675',0.00,162,2,'2025-11-09 14:33:09','2025-11-09 14:33:09','2025-11-09 15:00:09','2025-11-12 15:00:09','2025-11-17 15:00:09',NULL,1,0,0,0.00,NULL,NULL),
(17635380096758776,1,'小米14 5G智能手机','489160ceb76d44bfb057e85ca37cd227','17635380096758776',3699.00,3514.05,1,NULL,4,NULL,NULL,'257997480871',0.00,163,1,'2025-11-01 19:55:09','2025-11-01 19:55:09','2025-11-01 20:39:09','2025-11-02 20:39:09','2025-11-07 20:39:09',NULL,1,0,0,184.95,NULL,NULL),
(17635380096794715,1,'得力 办公文具套装,Uniqlo 优衣库经典衬衫','b012012a87f14669ba95d91b20b4e1d9','17635380096794715',516.00,516.00,2,NULL,4,NULL,NULL,'832669504887',0.00,164,4,'2025-11-05 14:37:09','2025-11-05 14:37:09','2025-11-05 15:02:09','2025-11-08 15:02:09','2025-11-12 15:02:09',NULL,1,0,0,0.00,NULL,NULL),
(17635380096841659,1,'【Dole都乐】比利时Truval啤梨12只 进口水果新鲜梨 单果120g左右','b012012a87f14669ba95d91b20b4e1d9','17635380096841659',38.00,36.10,2,NULL,2,NULL,NULL,'',0.00,165,1,'2025-11-02 12:24:09','2025-11-02 12:24:09','2025-11-02 12:34:09',NULL,NULL,NULL,1,0,0,1.90,NULL,NULL),
(17635380096858940,1,'三只松鼠每日坚果,旺仔牛奶,测试商品C,测试商品A,阴阳师寮办秘制 月见和菓子 184克','b012012a87f14669ba95d91b20b4e1d9','17635380096858940',435.00,413.25,2,NULL,3,NULL,NULL,'937427855320',0.00,166,10,'2025-10-20 23:03:09','2025-10-20 23:03:09','2025-10-20 23:40:09','2025-10-23 23:40:09',NULL,NULL,1,0,0,21.75,NULL,NULL),
(17635380096874710,1,'兰蔻粉水清滢柔肤水400ml 爽肤水女保湿舒缓滋润嫩肤','b012012a87f14669ba95d91b20b4e1d9','17635380096874710',840.00,840.00,2,NULL,2,NULL,NULL,'',0.00,167,2,'2025-11-13 14:50:09','2025-11-13 14:50:09','2025-11-13 15:04:09',NULL,NULL,NULL,1,0,0,0.00,NULL,NULL),
(17635380096886750,2,'旺仔牛奶','dd4e49c23a1a4ea19428782706ade23c','17635380096886750',300.00,300.00,2,NULL,5,NULL,NULL,'334367129546',0.00,168,3,'2025-10-23 13:16:09','2025-10-23 13:16:09','2025-10-23 14:07:09','2025-10-24 14:07:09','2025-10-27 14:07:09',NULL,1,0,0,0.00,NULL,NULL),
(17635380096893902,1,'Adidas 阿迪达斯运动套装','dd4e49c23a1a4ea19428782706ade23c','17635380096893902',1098.00,1043.10,NULL,NULL,1,NULL,NULL,'',0.00,169,2,'2025-10-31 19:01:09','2025-10-31 19:01:09',NULL,NULL,NULL,NULL,0,0,0,54.90,NULL,NULL),
(17635380096923481,1,'华为Mate 60 Pro 5G手机,Samsung Galaxy S24 Ultra 5G手机','dd4e49c23a1a4ea19428782706ade23c','17635380096923481',14998.00,14248.10,NULL,NULL,6,NULL,NULL,'',0.00,170,2,'2025-11-09 05:38:09','2025-11-09 05:38:09',NULL,NULL,NULL,'2025-11-09 05:54:09',0,0,0,749.90,NULL,4),
(17635380096937535,1,'可口可乐 经典汽水','dd4e49c23a1a4ea19428782706ade23c','17635380096937535',4.50,24.50,2,NULL,4,NULL,NULL,'382019321124',20.00,171,1,'2025-11-14 16:09:09','2025-11-14 16:09:09','2025-11-14 16:59:09','2025-11-16 16:59:09','2025-11-18 16:59:09',NULL,1,0,0,0.00,NULL,NULL),
(17635380096944816,1,'高清行车记录仪,Coach 蔻驰经典手提包,Pilot 百乐钢笔,NUK 宽口奶瓶,Amazon Kindle Paperwhite 电子书阅读器','dd4e49c23a1a4ea19428782706ade23c','17635380096944816',8182.00,7363.80,1,NULL,3,NULL,NULL,'824016025053',0.00,172,8,'2025-11-11 11:30:09','2025-11-11 11:30:09','2025-11-11 11:39:09','2025-11-12 11:39:09',NULL,NULL,1,0,0,818.20,NULL,NULL),
(17635380096955636,1,'Apple MacBook Pro 14英寸笔记本电脑','dd4e49c23a1a4ea19428782706ade23c','17635380096955636',29998.00,28498.10,1,NULL,2,NULL,NULL,'',0.00,173,2,'2025-11-10 12:14:09','2025-11-10 12:14:09','2025-11-10 12:42:09',NULL,NULL,NULL,1,0,0,1499.90,NULL,NULL),
(17635380096972781,1,'Nike Air Max 270 运动鞋,专业钓鱼竿','f416238b1ce142ce869324ea9820c402','17635380096972781',3115.00,2959.25,NULL,NULL,1,NULL,NULL,'',0.00,174,5,'2025-11-18 14:02:09','2025-11-18 14:02:09',NULL,NULL,NULL,NULL,0,0,0,155.75,NULL,NULL),
(17635380096986056,1,'Columbia 冲锋衣','f416238b1ce142ce869324ea9820c402','17635380096986056',2397.00,2397.00,1,NULL,4,NULL,NULL,'108066856655',0.00,175,3,'2025-11-17 20:13:09','2025-11-17 20:13:09','2025-11-17 20:48:09','2025-11-18 20:48:09','2025-11-19 20:48:09',NULL,1,0,0,0.00,NULL,NULL),
(17635380096994743,1,'高清行车记录仪','f416238b1ce142ce869324ea9820c402','17635380096994743',359.00,359.00,2,NULL,4,NULL,NULL,'805210739719',0.00,176,1,'2025-11-05 15:52:09','2025-11-05 15:52:09','2025-11-05 16:20:09','2025-11-07 16:20:09','2025-11-13 16:20:09',NULL,1,0,0,0.00,NULL,NULL),
(17635380097002888,1,'乐事薯片 经典原味','f416238b1ce142ce869324ea9820c402','17635380097002888',36.00,51.00,2,NULL,4,NULL,NULL,'081005156553',15.00,177,3,'2025-11-12 03:29:09','2025-11-12 03:29:09','2025-11-12 04:19:09','2025-11-14 04:19:09','2025-11-19 04:19:09',NULL,1,0,0,0.00,NULL,NULL),
(17635380097022351,1,'【Dole都乐】菲律宾都乐非转基因木瓜1只 单只约410g','28115f59248e4b1a983ca52f3fe2d3ec','17635380097022351',52.00,59.40,1,NULL,2,NULL,NULL,'',10.00,178,2,'2025-10-27 03:41:09','2025-10-27 03:41:09','2025-10-27 04:40:09',NULL,NULL,NULL,1,0,0,2.60,NULL,NULL),
(17635380097038563,1,'NUK 宽口奶瓶,Uniqlo 优衣库经典衬衫','28115f59248e4b1a983ca52f3fe2d3ec','17635380097038563',516.00,516.00,2,NULL,5,NULL,NULL,'069254115756',0.00,179,4,'2025-10-30 09:57:09','2025-10-30 09:57:09','2025-10-30 10:03:09','2025-11-02 10:03:09','2025-11-05 10:03:09',NULL,1,0,0,0.00,NULL,NULL),
(17635380097043139,1,'乐事薯片 经典原味','28115f59248e4b1a983ca52f3fe2d3ec','17635380097043139',24.00,32.80,1,NULL,5,NULL,NULL,'117403925666',10.00,180,2,'2025-10-19 16:03:09','2025-10-19 16:03:09','2025-10-19 16:17:09','2025-10-20 16:17:09','2025-10-25 16:17:09',NULL,1,0,0,1.20,NULL,NULL),
(17635380097059202,1,'得力 办公文具套装','28115f59248e4b1a983ca52f3fe2d3ec','17635380097059202',79.00,90.05,2,NULL,5,NULL,NULL,'501793088094',15.00,181,1,'2025-11-09 04:29:09','2025-11-09 04:29:09','2025-11-09 05:06:09','2025-11-10 05:06:09','2025-11-16 05:06:09',NULL,1,0,0,3.95,NULL,NULL),
(17635380097077304,1,'Uniqlo 优衣库经典衬衫','6a16641c00a04e8b80fdb3e1eaf06e39','17635380097077304',179.00,179.00,1,NULL,2,NULL,NULL,'',0.00,182,1,'2025-10-31 09:14:09','2025-10-31 09:14:09','2025-10-31 10:14:09',NULL,NULL,NULL,1,0,0,0.00,NULL,NULL),
(17635380097088760,1,'美赞臣 婴幼儿配方奶粉','6a16641c00a04e8b80fdb3e1eaf06e39','17635380097088760',837.00,837.00,2,NULL,5,NULL,NULL,'502712810502',0.00,183,3,'2025-11-04 21:59:09','2025-11-04 21:59:09','2025-11-04 22:59:09','2025-11-07 22:59:09','2025-11-18 22:59:09',NULL,1,0,0,0.00,NULL,NULL),
(17635380097091646,1,'汽车香氛 车载香水','6a16641c00a04e8b80fdb3e1eaf06e39','17635380097091646',98.00,108.00,2,NULL,5,NULL,NULL,'834457306487',10.00,184,2,'2025-11-05 03:03:09','2025-11-05 03:03:09','2025-11-05 03:42:09','2025-11-08 03:42:09','2025-11-13 03:42:09',NULL,1,0,0,0.00,NULL,NULL),
(17635380097104478,1,'Pilot 百乐钢笔,NUK 宽口奶瓶','6a16641c00a04e8b80fdb3e1eaf06e39','17635380097104478',617.00,617.00,1,NULL,2,NULL,NULL,'',0.00,185,3,'2025-11-17 05:26:09','2025-11-17 05:26:09','2025-11-17 06:26:09',NULL,NULL,NULL,1,0,0,0.00,NULL,NULL),
(17635380097115439,1,'IKEA 宜家三人沙发,费雪 益智玩具','6a16641c00a04e8b80fdb3e1eaf06e39','17635380097115439',3236.00,3236.00,1,NULL,2,NULL,NULL,'',0.00,186,4,'2025-10-23 09:24:09','2025-10-23 09:24:09','2025-10-23 09:27:09',NULL,NULL,NULL,1,0,0,0.00,NULL,NULL),
(17635380097134179,1,'专业瑜伽垫 防滑加厚','594a9b83cb714b3abc87aeb294f9d1f2','17635380097134179',537.00,510.15,1,NULL,5,NULL,NULL,'818090584445',0.00,187,3,'2025-11-12 08:27:09','2025-11-12 08:27:09','2025-11-12 09:02:09','2025-11-15 09:02:09','2025-11-17 09:02:09',NULL,1,0,0,26.85,NULL,NULL),
(17635380097143267,1,'飞利浦 LED护眼台灯,得力 办公文具套装','594a9b83cb714b3abc87aeb294f9d1f2','17635380097143267',955.00,907.25,2,NULL,5,NULL,NULL,'194454602137',0.00,188,5,'2025-10-23 02:59:09','2025-10-23 02:59:09','2025-10-23 03:55:09','2025-10-26 03:55:09','2025-11-01 03:55:09',NULL,1,0,0,47.75,NULL,NULL),
(17635380097152927,1,'Moleskine 经典笔记本','594a9b83cb714b3abc87aeb294f9d1f2','17635380097152927',537.00,537.00,1,NULL,3,NULL,NULL,'987344037076',0.00,189,3,'2025-11-13 17:43:09','2025-11-13 17:43:09','2025-11-13 17:59:09','2025-11-16 17:59:09',NULL,NULL,1,0,0,0.00,NULL,NULL),
(17635380097167688,1,'IKEA 宜家双人床','594a9b83cb714b3abc87aeb294f9d1f2','17635380097167688',5397.00,5397.00,2,NULL,3,NULL,NULL,'081489162025',0.00,190,3,'2025-10-27 20:40:09','2025-10-27 20:40:09','2025-10-27 21:23:09','2025-10-28 21:23:09',NULL,NULL,1,0,0,0.00,NULL,NULL),
(17635380097174008,1,'米其林 汽车轮胎','594a9b83cb714b3abc87aeb294f9d1f2','17635380097174008',649.00,649.00,2,NULL,5,NULL,NULL,'619058148313',0.00,191,1,'2025-11-13 12:21:09','2025-11-13 12:21:09','2025-11-13 12:37:09','2025-11-15 12:37:09','2025-11-17 12:37:09',NULL,1,0,0,0.00,NULL,NULL),
(17635380097182630,1,'Uniqlo 优衣库经典衬衫,全包围汽车脚垫,Rolex 劳力士经典腕表,高清行车记录仪,NUK 宽口奶瓶,3M 汽车隔热膜','87a6902c0adb47e8b2ad325748ff18a2','17635380097182630',61752.00,61752.00,2,NULL,5,NULL,NULL,'331963748075',0.00,192,8,'2025-11-02 08:10:09','2025-11-02 08:10:09','2025-11-02 08:22:09','2025-11-04 08:22:09','2025-11-14 08:22:09',NULL,1,0,0,0.00,NULL,NULL),
(17635380097206679,1,'好孩子 婴儿推车,无印良品 简约玻璃花瓶','87a6902c0adb47e8b2ad325748ff18a2','17635380097206679',878.00,878.00,1,NULL,2,NULL,NULL,'',0.00,193,2,'2025-11-11 08:36:09','2025-11-11 08:36:09','2025-11-11 08:47:09',NULL,NULL,NULL,1,0,0,0.00,NULL,NULL),
(17635380097211435,1,'IKEA 宜家双人床,美赞臣 婴幼儿配方奶粉','87a6902c0adb47e8b2ad325748ff18a2','17635380097211435',3877.00,3877.00,2,NULL,5,NULL,NULL,'474536978398',0.00,194,3,'2025-11-12 03:49:09','2025-11-12 03:49:09','2025-11-12 04:23:09','2025-11-15 04:23:09','2025-11-19 04:23:09',NULL,1,0,0,0.00,NULL,NULL),
(17635380097222809,1,'全包围汽车脚垫,Coach 蔻驰经典手提包','87a6902c0adb47e8b2ad325748ff18a2','17635380097222809',6136.00,6136.00,2,NULL,5,NULL,NULL,'773479699642',0.00,195,4,'2025-11-08 00:30:09','2025-11-08 00:30:09','2025-11-08 00:51:09','2025-11-11 00:51:09','2025-11-13 00:51:09',NULL,1,0,0,0.00,NULL,NULL),
(17635380097239934,1,'米其林 汽车轮胎','87a6902c0adb47e8b2ad325748ff18a2','17635380097239934',649.00,649.00,1,NULL,3,NULL,NULL,'128347661570',0.00,196,1,'2025-10-31 07:26:09','2025-10-31 07:26:09','2025-10-31 08:26:09','2025-11-02 08:26:09',NULL,NULL,1,0,0,0.00,NULL,NULL),
(17635380097248758,1,'Rolex 劳力士经典腕表,NUK 宽口奶瓶,米其林 汽车轮胎,IKEA 宜家三人沙发,飞利浦 LED护眼台灯','743fbe772665404fad4ef7442108fe48','17635380097248758',117863.00,117863.00,1,NULL,5,NULL,NULL,'698846637517',0.00,197,7,'2025-10-25 03:38:09','2025-10-25 03:38:09','2025-10-25 03:44:09','2025-10-27 03:44:09','2025-11-14 03:44:09',NULL,1,0,0,0.00,NULL,NULL),
(17635380097259427,1,'Nike 耐克运动鞋','4016cc54d6714b1da73c6f780f10b346','17635380097259427',1947.00,1947.00,2,NULL,3,NULL,NULL,'692248288893',0.00,198,3,'2025-10-22 02:27:09','2025-10-22 02:27:09','2025-10-22 03:11:09','2025-10-23 03:11:09',NULL,NULL,1,0,0,0.00,NULL,NULL),
(17635380097279319,1,'NUK 宽口奶瓶','cc7a2ab7dfea491f8ffc8e0b5e6fbb89','17635380097279319',79.00,71.10,2,NULL,2,NULL,NULL,'',0.00,199,1,'2025-11-08 19:00:09','2025-11-08 19:00:09','2025-11-08 19:48:09',NULL,NULL,NULL,1,0,0,7.90,NULL,NULL);

-- 插入订单项
INSERT INTO `tz_order_item`(`shop_id`,`order_number`,`prod_id`,`sku_id`,`prod_count`,`prod_name`,`sku_name`,`pic`,`price`,`user_id`,`product_total_amount`,`rec_time`,`comm_sts`,`distribution_card_no`,`basket_date`) VALUES
(1,'17635380093863091',18,325,1,'Apple iPhone XS Max 移动联通电信4G手机 ','公开版 银色 256GB ','2019/04/eaa8c9bd3e7b41eaa310adbde10b6401.jpg',7606.00,'0fe1676cfd0c4f8ca31387d007a010b4',7606.00,'2025-11-08 14:36:09',0,NULL,'2025-11-08 09:36:09'),
(1,'17635380093907311',113,440,3,'好孩子 婴儿推车','','2024/01/母婴用品_cat08_prod003_好孩子_婴儿车_gmxistng.jpg',799.00,'0fe1676cfd0c4f8ca31387d007a010b4',2397.00,'2025-11-09 23:18:09',0,NULL,'2025-11-09 09:18:09'),
(1,'17635380093948504',71,385,1,'旗舰店官网 自拍神器 梵高定制','真爱粉 3.6 寸 ','2019/04/667e4ce211b44c6da10891f42927fc11.jpg',6998.00,'0fe1676cfd0c4f8ca31387d007a010b4',6998.00,'2025-10-19 21:40:09',0,NULL,'2025-10-19 18:40:09'),
(1,'17635380094053490',122,449,2,'Columbia 冲锋衣','','2024/01/户外运动_cat10_prod003_Columbia_冲锋衣_iddtf9vt.jpg',799.00,'0fe1676cfd0c4f8ca31387d007a010b4',1598.00,'2025-11-05 11:40:09',0,NULL,'2025-11-05 08:40:09'),
(1,'17635380094123462',122,449,1,'Columbia 冲锋衣','','2024/01/户外运动_cat10_prod003_Columbia_冲锋衣_iddtf9vt.jpg',799.00,'0fe1676cfd0c4f8ca31387d007a010b4',799.00,'2025-11-12 19:10:09',0,NULL,'2025-11-11 19:10:09'),
(1,'17635380094159151',73,400,1,'阴阳师寮办秘制 月见和菓子 184克','芒果味 184克 ','2019/04/60c6300596504c10bd80d6365647b078.jpg',22.00,'0fe1676cfd0c4f8ca31387d007a010b4',22.00,'2025-10-26 11:57:09',0,NULL,'2025-10-25 15:57:09'),
(1,'17635380094194062',89,416,1,'L\'Oreal 欧莱雅持妆粉底液','','2024/01/美妆护肤_cat02_prod004_LOreal_粉底_14r751xy.jpg',179.00,'0fe1676cfd0c4f8ca31387d007a010b4',179.00,'2025-10-29 12:28:09',0,NULL,'2025-10-29 04:28:09'),
(1,'17635380094298991',121,448,1,'Osprey 户外登山背包','','2024/01/户外运动_cat10_prod002_Osprey_背包_k99flgso.jpg',1199.00,'0fe1676cfd0c4f8ca31387d007a010b4',1199.00,'2025-11-01 06:33:09',0,NULL,'2025-10-31 15:33:09'),
(1,'17635380094298991',93,420,2,'专业瑜伽垫 防滑加厚','','2024/01/运动服饰_cat03_prod004_Yoga_瑜伽垫_ihtgbfn3.jpg',179.00,'0fe1676cfd0c4f8ca31387d007a010b4',358.00,'2025-11-01 06:33:09',0,NULL,'2025-10-31 15:33:09'),
(1,'17635380094298991',122,449,1,'Columbia 冲锋衣','','2024/01/户外运动_cat10_prod003_Columbia_冲锋衣_iddtf9vt.jpg',799.00,'0fe1676cfd0c4f8ca31387d007a010b4',799.00,'2025-11-01 06:33:09',0,NULL,'2025-10-31 15:33:09'),
(1,'17635380094298991',120,447,3,'Coleman 户外帐篷','','2024/01/户外运动_cat10_prod001_Coleman_帐篷_wuerz35x.jpg',799.00,'0fe1676cfd0c4f8ca31387d007a010b4',2397.00,'2025-11-01 06:33:09',0,NULL,'2025-10-31 15:33:09'),
(1,'17635380094398516',111,438,3,'美赞臣 婴幼儿配方奶粉','','2024/01/母婴用品_cat08_prod001_美赞臣_奶粉_cqka7n6k.jpg',279.00,'0fe1676cfd0c4f8ca31387d007a010b4',837.00,'2025-11-07 11:42:09',0,NULL,'2025-11-07 08:42:09'),
(1,'17635380094495525',79,406,2,'小米14 5G智能手机','','2024/01/手机数码_cat01_prod002_小米14_ywt98pju.jpg',3699.00,'0fe1676cfd0c4f8ca31387d007a010b4',7398.00,'2025-11-01 11:30:09',0,NULL,'2025-11-01 07:30:09'),
(1,'17635380094545278',73,400,2,'阴阳师寮办秘制 月见和菓子 184克','芒果味 184克 ','2019/04/60c6300596504c10bd80d6365647b078.jpg',22.00,'0fe1676cfd0c4f8ca31387d007a010b4',44.00,'2025-11-15 12:38:09',0,NULL,'2025-11-14 15:38:09'),
(1,'17635380094545278',98,425,3,'三只松鼠每日坚果','','2024/01/美味零食_cat04_prod005_三只松鼠坚果_6npe78a9.jpg',79.00,'0fe1676cfd0c4f8ca31387d007a010b4',237.00,'2025-11-15 12:38:09',0,NULL,'2025-11-14 15:38:09'),
(1,'17635380094545278',68,268,1,'【Dole都乐】菲律宾都乐非转基因木瓜1只 单只约410g','','2019/04/0bfd73f43d764d20b2f0b92813abdc56.jpg',26.00,'0fe1676cfd0c4f8ca31387d007a010b4',26.00,'2025-11-15 12:38:09',0,NULL,'2025-11-14 15:38:09'),
(1,'17635380094545278',75,402,2,'测试商品A','','2019/05/65525bbccee04ec5a094f38ce61d6b86.jpg',30.00,'0fe1676cfd0c4f8ca31387d007a010b4',60.00,'2025-11-15 12:38:09',0,NULL,'2025-11-14 15:38:09'),
(1,'17635380094545278',77,404,3,'测试商品C','','2019/05/1bdd097dbffd477799a7aca949377b20.jpg',50.00,'0fe1676cfd0c4f8ca31387d007a010b4',150.00,'2025-11-15 12:38:09',0,NULL,'2025-11-14 15:38:09'),
(1,'17635380094578658',71,384,1,'旗舰店官网 自拍神器 梵高定制','心水金 3.6 寸 ','2019/04/667e4ce211b44c6da10891f42927fc11.jpg',6999.00,'0fe1676cfd0c4f8ca31387d007a010b4',6999.00,'2025-11-11 21:37:09',0,NULL,'2025-11-11 12:37:09'),
(1,'17635380094626669',88,415,3,'SK-II 护肤精华露 神仙水','','2024/01/美妆护肤_cat02_prod003_SK-II_神仙水_kywwa4p9.jpg',1490.00,'799f8b6f960f4b38bcb64a3b8dff75b1',4470.00,'2025-10-22 02:38:09',0,NULL,'2025-10-21 03:38:09'),
(1,'17635380094626669',59,393,1,'兰蔻粉水清滢柔肤水400ml 爽肤水女保湿舒缓滋润嫩肤','400ml ','2019/04/ce5a32005a7a4f9483a17051bda6bd6c.jpg',420.00,'799f8b6f960f4b38bcb64a3b8dff75b1',420.00,'2025-10-22 02:38:09',0,NULL,'2025-10-21 03:38:09'),
(1,'17635380094656025',90,417,3,'Nike Air Max 270 运动鞋','','2024/01/运动服饰_cat03_prod001_Nike_Air_Max_psujsdav.jpg',799.00,'799f8b6f960f4b38bcb64a3b8dff75b1',2397.00,'2025-10-20 13:25:09',0,NULL,'2025-10-19 23:25:09'),
(1,'17635380094656025',120,447,1,'Coleman 户外帐篷','','2024/01/户外运动_cat10_prod001_Coleman_帐篷_wuerz35x.jpg',799.00,'799f8b6f960f4b38bcb64a3b8dff75b1',799.00,'2025-10-20 13:25:09',0,NULL,'2025-10-19 23:25:09'),
(1,'17635380094697042',89,416,1,'L\'Oreal 欧莱雅持妆粉底液','','2024/01/美妆护肤_cat02_prod004_LOreal_粉底_14r751xy.jpg',179.00,'799f8b6f960f4b38bcb64a3b8dff75b1',179.00,'2025-10-25 11:05:09',0,NULL,'2025-10-24 22:05:09'),
(1,'17635380094755259',79,406,3,'小米14 5G智能手机','','2024/01/手机数码_cat01_prod002_小米14_ywt98pju.jpg',3699.00,'799f8b6f960f4b38bcb64a3b8dff75b1',11097.00,'2025-11-12 01:59:09',0,NULL,'2025-11-11 23:59:09'),
(1,'17635380094796972',105,432,2,'Pilot 百乐钢笔','','2024/01/图书文具_cat06_prod003_Pilot_钢笔_tzjc83fb.jpg',269.00,'799f8b6f960f4b38bcb64a3b8dff75b1',538.00,'2025-11-14 12:07:09',0,NULL,'2025-11-13 15:07:09'),
(1,'17635380094822233',80,407,3,'华为Mate 60 Pro 5G手机','','2024/01/手机数码_cat01_prod003_华为Mate_60_3umd03ae.jpg',6499.00,'799f8b6f960f4b38bcb64a3b8dff75b1',19497.00,'2025-10-25 03:54:09',0,NULL,'2025-10-24 17:54:09'),
(1,'17635380094846996',120,447,2,'Coleman 户外帐篷','','2024/01/户外运动_cat10_prod001_Coleman_帐篷_wuerz35x.jpg',799.00,'799f8b6f960f4b38bcb64a3b8dff75b1',1598.00,'2025-11-06 13:08:09',0,NULL,'2025-11-05 14:08:09'),
(1,'17635380094879522',82,409,2,'Apple iPad Pro 12.9英寸平板电脑','','2024/01/手机数码_cat01_prod005_iPad_Pro_god0ale3.jpg',8499.00,'799f8b6f960f4b38bcb64a3b8dff75b1',16998.00,'2025-10-29 14:49:09',0,NULL,'2025-10-29 05:49:09'),
(1,'17635380094917347',122,449,3,'Columbia 冲锋衣','','2024/01/户外运动_cat10_prod003_Columbia_冲锋衣_iddtf9vt.jpg',799.00,'799f8b6f960f4b38bcb64a3b8dff75b1',2397.00,'2025-11-05 17:55:09',0,NULL,'2025-11-05 13:55:09'),
(1,'17635380094917347',120,447,3,'Coleman 户外帐篷','','2024/01/户外运动_cat10_prod001_Coleman_帐篷_wuerz35x.jpg',799.00,'799f8b6f960f4b38bcb64a3b8dff75b1',2397.00,'2025-11-05 17:55:09',0,NULL,'2025-11-05 13:55:09'),
(1,'17635380094951038',115,442,3,'3M 汽车隔热膜','','2024/01/汽车用品_cat09_prod001_3M_汽车贴膜_h2jsnsv1.jpg',1799.00,'799f8b6f960f4b38bcb64a3b8dff75b1',5397.00,'2025-11-01 11:28:09',0,NULL,'2025-11-01 08:28:09'),
(1,'17635380094951038',118,445,3,'高清行车记录仪','','2024/01/汽车用品_cat09_prod004_行车记录仪_7ck3avf6.jpg',359.00,'799f8b6f960f4b38bcb64a3b8dff75b1',1077.00,'2025-11-01 11:28:09',0,NULL,'2025-11-01 08:28:09'),
(1,'17635380094951038',101,428,1,'无印良品 简约玻璃花瓶','','2024/01/家居用品_cat05_prod003_无印良品_花瓶_mdvsj89m.jpg',79.00,'799f8b6f960f4b38bcb64a3b8dff75b1',79.00,'2025-11-01 11:28:09',0,NULL,'2025-11-01 08:28:09'),
(1,'17635380094951038',100,427,2,'飞利浦 LED护眼台灯','','2024/01/家居用品_cat05_prod002_飞利浦台灯_y0yxp5d8.jpg',359.00,'799f8b6f960f4b38bcb64a3b8dff75b1',718.00,'2025-11-01 11:28:09',0,NULL,'2025-11-01 08:28:09'),
(1,'17635380094951038',103,430,3,'Amazon Kindle Paperwhite 电子书阅读器','','2024/01/图书文具_cat06_prod001_Kindle_电子书_6c3ae3pz.jpg',899.00,'799f8b6f960f4b38bcb64a3b8dff75b1',2697.00,'2025-11-01 11:28:09',0,NULL,'2025-11-01 08:28:09'),
(1,'17635380094999497',70,399,1,'【Dole都乐】比利时Truval啤梨12只 进口水果新鲜梨 单果120g左右','','2019/04/de0edd2aaf2d4d3c8b6c3fdfde738805.jpg',38.00,'1b97d63283ae4075bc88e8fb831f691f',38.00,'2025-11-18 14:29:09',0,NULL,'2025-11-18 06:29:09'),
(1,'17635380094999497',77,404,3,'测试商品C','','2019/05/1bdd097dbffd477799a7aca949377b20.jpg',50.00,'1b97d63283ae4075bc88e8fb831f691f',150.00,'2025-11-18 14:29:09',0,NULL,'2025-11-18 06:29:09'),
(1,'17635380095017033',91,418,2,'Adidas 阿迪达斯运动套装','','2024/01/运动服饰_cat03_prod002_Adidas_运动服_b1cnt9ct.jpg',549.00,'1b97d63283ae4075bc88e8fb831f691f',1098.00,'2025-11-14 19:04:09',0,NULL,'2025-11-14 15:04:09'),
(1,'17635380095036686',86,413,3,'Dior 迪奥烈艳蓝金唇膏','','2024/01/美妆护肤_cat02_prod001_Dior_口红_rfgmdvu6.jpg',350.00,'1b97d63283ae4075bc88e8fb831f691f',1050.00,'2025-11-01 20:55:09',0,NULL,'2025-10-31 21:55:09'),
(1,'17635380095074286',119,446,2,'汽车香氛 车载香水','','2024/01/汽车用品_cat09_prod005_汽车香水_nagu1e6m.jpg',49.00,'1b97d63283ae4075bc88e8fb831f691f',98.00,'2025-10-23 16:29:09',0,NULL,'2025-10-23 07:29:09'),
(1,'17635380095117952',81,408,1,'Samsung Galaxy S24 Ultra 5G手机','','2024/01/手机数码_cat01_prod004_Samsung_Galaxy_S24_uasupvmv.jpg',8499.00,'1b97d63283ae4075bc88e8fb831f691f',8499.00,'2025-11-01 10:50:09',0,NULL,'2025-10-31 16:50:09'),
(1,'17635380095117952',82,409,1,'Apple iPad Pro 12.9英寸平板电脑','','2024/01/手机数码_cat01_prod005_iPad_Pro_god0ale3.jpg',8499.00,'1b97d63283ae4075bc88e8fb831f691f',8499.00,'2025-11-01 10:50:09',0,NULL,'2025-10-31 16:50:09'),
(1,'17635380095173358',84,411,1,'Apple AirPods Pro 2 无线耳机','','2024/01/手机数码_cat01_prod007_AirPods_Pro_d2xr13rt.jpg',1699.00,'1b97d63283ae4075bc88e8fb831f691f',1699.00,'2025-11-06 09:07:09',0,NULL,'2025-11-05 14:07:09'),
(2,'17635380095207562',74,401,3,'旺仔牛奶','','2019/05/b1a4bf7612554dbc8395f22e22d531c8.jpg',100.00,'1b97d63283ae4075bc88e8fb831f691f',300.00,'2025-10-25 23:37:09',0,NULL,'2025-10-25 08:37:09'),
(1,'17635380095244688',100,427,2,'飞利浦 LED护眼台灯','','2024/01/家居用品_cat05_prod002_飞利浦台灯_y0yxp5d8.jpg',359.00,'1b97d63283ae4075bc88e8fb831f691f',718.00,'2025-11-14 18:58:09',0,NULL,'2025-11-14 07:58:09'),
(1,'17635380095244688',102,429,1,'IKEA 宜家双人床','','2024/01/家居用品_cat05_prod004_宜家_床_ow8rjeaa.jpg',1799.00,'1b97d63283ae4075bc88e8fb831f691f',1799.00,'2025-11-14 18:58:09',0,NULL,'2025-11-14 07:58:09'),
(1,'17635380095348565',100,427,1,'飞利浦 LED护眼台灯','','2024/01/家居用品_cat05_prod002_飞利浦台灯_y0yxp5d8.jpg',359.00,'1b97d63283ae4075bc88e8fb831f691f',359.00,'2025-11-05 02:18:09',0,NULL,'2025-11-04 23:18:09'),
(1,'17635380095451452',90,417,2,'Nike Air Max 270 运动鞋','','2024/01/运动服饰_cat03_prod001_Nike_Air_Max_psujsdav.jpg',799.00,'1c34a3c857f44b5d8e571aefc26c2e90',1598.00,'2025-11-12 18:18:09',0,NULL,'2025-11-12 16:18:09'),
(1,'17635380095451452',91,418,3,'Adidas 阿迪达斯运动套装','','2024/01/运动服饰_cat03_prod002_Adidas_运动服_b1cnt9ct.jpg',549.00,'1c34a3c857f44b5d8e571aefc26c2e90',1647.00,'2025-11-12 18:18:09',0,NULL,'2025-11-12 16:18:09'),
(1,'17635380095476344',84,411,2,'Apple AirPods Pro 2 无线耳机','','2024/01/手机数码_cat01_prod007_AirPods_Pro_d2xr13rt.jpg',1699.00,'1c34a3c857f44b5d8e571aefc26c2e90',3398.00,'2025-11-06 13:26:09',0,NULL,'2025-11-06 09:26:09'),
(2,'17635380095513865',74,401,2,'旺仔牛奶','','2019/05/b1a4bf7612554dbc8395f22e22d531c8.jpg',100.00,'1c34a3c857f44b5d8e571aefc26c2e90',200.00,'2025-11-06 17:45:09',0,NULL,'2025-11-06 08:45:09'),
(1,'17635380095558093',118,445,2,'高清行车记录仪','','2024/01/汽车用品_cat09_prod004_行车记录仪_7ck3avf6.jpg',359.00,'1c34a3c857f44b5d8e571aefc26c2e90',718.00,'2025-10-28 15:10:09',0,NULL,'2025-10-28 10:10:09'),
(1,'17635380095558093',99,426,2,'IKEA 宜家三人沙发','','2024/01/家居用品_cat05_prod001_IKEA_沙发_tm6dxhe1.jpg',2699.00,'1c34a3c857f44b5d8e571aefc26c2e90',5398.00,'2025-10-28 15:10:09',0,NULL,'2025-10-28 10:10:09'),
(1,'17635380095576687',105,432,3,'Pilot 百乐钢笔','','2024/01/图书文具_cat06_prod003_Pilot_钢笔_tzjc83fb.jpg',269.00,'1c34a3c857f44b5d8e571aefc26c2e90',807.00,'2025-10-27 05:35:09',0,NULL,'2025-10-26 23:35:09'),
(1,'17635380095576687',109,436,2,'Coach 蔻驰经典手提包','','2024/01/服装配饰_cat07_prod003_Coach_包_f6tg85b8.jpg',2799.00,'1c34a3c857f44b5d8e571aefc26c2e90',5598.00,'2025-10-27 05:35:09',0,NULL,'2025-10-26 23:35:09'),
(1,'17635380095649089',93,420,1,'专业瑜伽垫 防滑加厚','','2024/01/运动服饰_cat03_prod004_Yoga_瑜伽垫_ihtgbfn3.jpg',179.00,'1c34a3c857f44b5d8e571aefc26c2e90',179.00,'2025-11-12 16:02:09',0,NULL,'2025-11-11 21:02:09'),
(1,'17635380095754333',89,416,3,'L\'Oreal 欧莱雅持妆粉底液','','2024/01/美妆护肤_cat02_prod004_LOreal_粉底_14r751xy.jpg',179.00,'1c34a3c857f44b5d8e571aefc26c2e90',537.00,'2025-11-02 11:53:09',0,NULL,'2025-11-01 12:53:09'),
(1,'17635380095776323',98,425,3,'三只松鼠每日坚果','','2024/01/美味零食_cat04_prod005_三只松鼠坚果_6npe78a9.jpg',79.00,'1c34a3c857f44b5d8e571aefc26c2e90',237.00,'2025-11-17 02:40:09',0,NULL,'2025-11-16 14:40:09'),
(1,'17635380095776323',77,404,1,'测试商品C','','2019/05/1bdd097dbffd477799a7aca949377b20.jpg',50.00,'1c34a3c857f44b5d8e571aefc26c2e90',50.00,'2025-11-17 02:40:09',0,NULL,'2025-11-16 14:40:09'),
(1,'17635380095776323',73,400,2,'阴阳师寮办秘制 月见和菓子 184克','芒果味 184克 ','2019/04/60c6300596504c10bd80d6365647b078.jpg',22.00,'1c34a3c857f44b5d8e571aefc26c2e90',44.00,'2025-11-17 02:40:09',0,NULL,'2025-11-16 14:40:09'),
(1,'17635380095776323',70,399,3,'【Dole都乐】比利时Truval啤梨12只 进口水果新鲜梨 单果120g左右','','2019/04/de0edd2aaf2d4d3c8b6c3fdfde738805.jpg',38.00,'1c34a3c857f44b5d8e571aefc26c2e90',114.00,'2025-11-17 02:40:09',0,NULL,'2025-11-16 14:40:09'),
(1,'17635380095822262',83,410,3,'Apple MacBook Pro 14英寸笔记本电脑','','2024/01/手机数码_cat01_prod006_MacBook_Pro_b910zrsj.jpg',14999.00,'e511029f576b479ba3dd3047e690b732',44997.00,'2025-11-10 09:57:09',0,NULL,'2025-11-10 06:57:09'),
(1,'17635380095845441',94,421,3,'费列罗榛果威化巧克力','','2024/01/美味零食_cat04_prod001_费列罗巧克力_awvqty9o.jpg',99.00,'e511029f576b479ba3dd3047e690b732',297.00,'2025-11-16 02:15:09',0,NULL,'2025-11-15 02:15:09'),
(1,'17635380095876692',123,450,3,'专业钓鱼竿','','2024/01/户外运动_cat10_prod004_钓鱼竿_nmmu4dyq.jpg',359.00,'e511029f576b479ba3dd3047e690b732',1077.00,'2025-11-07 15:20:09',0,NULL,'2025-11-07 14:20:09'),
(1,'17635380095876692',91,418,2,'Adidas 阿迪达斯运动套装','','2024/01/运动服饰_cat03_prod002_Adidas_运动服_b1cnt9ct.jpg',549.00,'e511029f576b479ba3dd3047e690b732',1098.00,'2025-11-07 15:20:09',0,NULL,'2025-11-07 14:20:09'),
(1,'17635380095876692',121,448,2,'Osprey 户外登山背包','','2024/01/户外运动_cat10_prod002_Osprey_背包_k99flgso.jpg',1199.00,'e511029f576b479ba3dd3047e690b732',2398.00,'2025-11-07 15:20:09',0,NULL,'2025-11-07 14:20:09'),
(1,'17635380095876692',92,419,2,'Nike LeBron 20 篮球鞋','','2024/01/运动服饰_cat03_prod003_Nike_篮球鞋_q19qylsp.jpg',1199.00,'e511029f576b479ba3dd3047e690b732',2398.00,'2025-11-07 15:20:09',0,NULL,'2025-11-07 14:20:09'),
(1,'17635380095917509',94,421,1,'费列罗榛果威化巧克力','','2024/01/美味零食_cat04_prod001_费列罗巧克力_awvqty9o.jpg',99.00,'e511029f576b479ba3dd3047e690b732',99.00,'2025-10-31 10:29:09',0,NULL,'2025-10-30 10:29:09'),
(1,'17635380095941153',119,446,1,'汽车香氛 车载香水','','2024/01/汽车用品_cat09_prod005_汽车香水_nagu1e6m.jpg',49.00,'e511029f576b479ba3dd3047e690b732',49.00,'2025-11-02 17:37:09',0,NULL,'2025-11-02 00:37:09'),
(1,'17635380095984461',123,450,1,'专业钓鱼竿','','2024/01/户外运动_cat10_prod004_钓鱼竿_nmmu4dyq.jpg',359.00,'e511029f576b479ba3dd3047e690b732',359.00,'2025-11-13 17:34:09',0,NULL,'2025-11-12 19:34:09'),
(1,'17635380095997026',97,424,2,'可口可乐 经典汽水','','2024/01/美味零食_cat04_prod004_可口可乐_64lspopf.jpg',4.50,'e511029f576b479ba3dd3047e690b732',9.00,'2025-11-05 08:28:09',0,NULL,'2025-11-04 16:28:09'),
(1,'17635380096018102',121,448,1,'Osprey 户外登山背包','','2024/01/户外运动_cat10_prod002_Osprey_背包_k99flgso.jpg',1199.00,'e511029f576b479ba3dd3047e690b732',1199.00,'2025-11-17 04:17:09',0,NULL,'2025-11-16 20:17:09'),
(1,'17635380096021535',89,416,2,'L\'Oreal 欧莱雅持妆粉底液','','2024/01/美妆护肤_cat02_prod004_LOreal_粉底_14r751xy.jpg',179.00,'a88348479a044e8a81b9982a20fa79f7',358.00,'2025-10-27 22:47:09',0,NULL,'2025-10-26 23:47:09'),
(2,'17635380096034990',74,401,3,'旺仔牛奶','','2019/05/b1a4bf7612554dbc8395f22e22d531c8.jpg',100.00,'a88348479a044e8a81b9982a20fa79f7',300.00,'2025-10-30 01:11:09',0,NULL,'2025-10-29 01:11:09'),
(1,'17635380096043303',101,428,3,'无印良品 简约玻璃花瓶','','2024/01/家居用品_cat05_prod003_无印良品_花瓶_mdvsj89m.jpg',79.00,'a88348479a044e8a81b9982a20fa79f7',237.00,'2025-11-10 01:21:09',0,NULL,'2025-11-09 10:21:09'),
(1,'17635380096043303',110,437,2,'Rolex 劳力士经典腕表','','2024/01/服装配饰_cat07_prod004_Rolex_手表_48l9w8yq.jpg',56999.00,'a88348479a044e8a81b9982a20fa79f7',113998.00,'2025-11-10 01:21:09',0,NULL,'2025-11-09 10:21:09'),
(1,'17635380096043303',111,438,2,'美赞臣 婴幼儿配方奶粉','','2024/01/母婴用品_cat08_prod001_美赞臣_奶粉_cqka7n6k.jpg',279.00,'a88348479a044e8a81b9982a20fa79f7',558.00,'2025-11-10 01:21:09',0,NULL,'2025-11-09 10:21:09'),
(1,'17635380096043303',104,431,2,'Moleskine 经典笔记本','','2024/01/图书文具_cat06_prod002_Moleskine_笔记本_rtsiaht3.jpg',179.00,'a88348479a044e8a81b9982a20fa79f7',358.00,'2025-11-10 01:21:09',0,NULL,'2025-11-09 10:21:09'),
(1,'17635380096065528',105,432,2,'Pilot 百乐钢笔','','2024/01/图书文具_cat06_prod003_Pilot_钢笔_tzjc83fb.jpg',269.00,'a88348479a044e8a81b9982a20fa79f7',538.00,'2025-10-26 01:32:09',0,NULL,'2025-10-25 16:32:09'),
(1,'17635380096065528',111,438,1,'美赞臣 婴幼儿配方奶粉','','2024/01/母婴用品_cat08_prod001_美赞臣_奶粉_cqka7n6k.jpg',279.00,'a88348479a044e8a81b9982a20fa79f7',279.00,'2025-10-26 01:32:09',0,NULL,'2025-10-25 16:32:09'),
(1,'17635380096134691',115,442,3,'3M 汽车隔热膜','','2024/01/汽车用品_cat09_prod001_3M_汽车贴膜_h2jsnsv1.jpg',1799.00,'a88348479a044e8a81b9982a20fa79f7',5397.00,'2025-10-23 14:40:09',0,NULL,'2025-10-23 11:40:09'),
(1,'17635380096178002',87,414,2,'Chanel 香奈儿5号香水','','2024/01/美妆护肤_cat02_prod002_Chanel_香水_4110q2vw.jpg',1100.00,'6ecaaaccab2f4fa1ab912d60f0795649',2200.00,'2025-10-28 05:24:09',0,NULL,'2025-10-27 18:24:09'),
(1,'17635380096211637',109,436,1,'Coach 蔻驰经典手提包','','2024/01/服装配饰_cat07_prod003_Coach_包_f6tg85b8.jpg',2799.00,'6ecaaaccab2f4fa1ab912d60f0795649',2799.00,'2025-11-07 12:04:09',0,NULL,'2025-11-07 11:04:09'),
(1,'17635380096211637',99,426,1,'IKEA 宜家三人沙发','','2024/01/家居用品_cat05_prod001_IKEA_沙发_tm6dxhe1.jpg',2699.00,'6ecaaaccab2f4fa1ab912d60f0795649',2699.00,'2025-11-07 12:04:09',0,NULL,'2025-11-07 11:04:09'),
(1,'17635380096259725',87,414,1,'Chanel 香奈儿5号香水','','2024/01/美妆护肤_cat02_prod002_Chanel_香水_4110q2vw.jpg',1100.00,'6ecaaaccab2f4fa1ab912d60f0795649',1100.00,'2025-10-22 18:23:09',0,NULL,'2025-10-22 15:23:09'),
(1,'17635380096333814',76,403,2,'测试商品B','','2019/05/150d6c4a46914dbfa82690098b2ec4e7.jpg',40.00,'6ecaaaccab2f4fa1ab912d60f0795649',80.00,'2025-11-11 14:53:09',0,NULL,'2025-11-10 21:53:09'),
(1,'17635380096449504',84,411,1,'Apple AirPods Pro 2 无线耳机','','2024/01/手机数码_cat01_prod007_AirPods_Pro_d2xr13rt.jpg',1699.00,'6ecaaaccab2f4fa1ab912d60f0795649',1699.00,'2025-11-16 04:08:09',0,NULL,'2025-11-15 13:08:09'),
(1,'17635380096489152',94,421,1,'费列罗榛果威化巧克力','','2024/01/美味零食_cat04_prod001_费列罗巧克力_awvqty9o.jpg',99.00,'6ecaaaccab2f4fa1ab912d60f0795649',99.00,'2025-11-11 11:22:09',0,NULL,'2025-11-10 13:22:09'),
(1,'17635380096489152',70,399,3,'【Dole都乐】比利时Truval啤梨12只 进口水果新鲜梨 单果120g左右','','2019/04/de0edd2aaf2d4d3c8b6c3fdfde738805.jpg',38.00,'6ecaaaccab2f4fa1ab912d60f0795649',114.00,'2025-11-11 11:22:09',0,NULL,'2025-11-10 13:22:09'),
(1,'17635380096532583',98,425,3,'三只松鼠每日坚果','','2024/01/美味零食_cat04_prod005_三只松鼠坚果_6npe78a9.jpg',79.00,'489160ceb76d44bfb057e85ca37cd227',237.00,'2025-11-08 19:42:09',0,NULL,'2025-11-08 17:42:09'),
(1,'17635380096574200',121,448,1,'Osprey 户外登山背包','','2024/01/户外运动_cat10_prod002_Osprey_背包_k99flgso.jpg',1199.00,'489160ceb76d44bfb057e85ca37cd227',1199.00,'2025-10-24 02:38:09',0,NULL,'2025-10-23 23:38:09'),
(1,'17635380096668701',79,406,3,'小米14 5G智能手机','','2024/01/手机数码_cat01_prod002_小米14_ywt98pju.jpg',3699.00,'489160ceb76d44bfb057e85ca37cd227',11097.00,'2025-11-15 21:14:09',0,NULL,'2025-11-15 07:14:09'),
(1,'17635380096691640',106,433,3,'得力 办公文具套装','','2024/01/图书文具_cat06_prod004_得力_文具_azdvd0mn.jpg',79.00,'489160ceb76d44bfb057e85ca37cd227',237.00,'2025-10-27 05:52:09',0,NULL,'2025-10-26 18:52:09'),
(1,'17635380096737581',99,426,2,'IKEA 宜家三人沙发','','2024/01/家居用品_cat05_prod001_IKEA_沙发_tm6dxhe1.jpg',2699.00,'489160ceb76d44bfb057e85ca37cd227',5398.00,'2025-11-09 14:33:09',0,NULL,'2025-11-08 21:33:09'),
(1,'17635380096758776',79,406,1,'小米14 5G智能手机','','2024/01/手机数码_cat01_prod002_小米14_ywt98pju.jpg',3699.00,'489160ceb76d44bfb057e85ca37cd227',3699.00,'2025-11-01 19:55:09',0,NULL,'2025-10-31 19:55:09'),
(1,'17635380096794715',106,433,2,'得力 办公文具套装','','2024/01/图书文具_cat06_prod004_得力_文具_azdvd0mn.jpg',79.00,'b012012a87f14669ba95d91b20b4e1d9',158.00,'2025-11-05 14:37:09',0,NULL,'2025-11-05 01:37:09'),
(1,'17635380096794715',107,434,2,'Uniqlo 优衣库经典衬衫','','2024/01/服装配饰_cat07_prod001_Uniqlo_衬衫_9t945krq.jpg',179.00,'b012012a87f14669ba95d91b20b4e1d9',358.00,'2025-11-05 14:37:09',0,NULL,'2025-11-05 01:37:09'),
(1,'17635380096841659',70,399,1,'【Dole都乐】比利时Truval啤梨12只 进口水果新鲜梨 单果120g左右','','2019/04/de0edd2aaf2d4d3c8b6c3fdfde738805.jpg',38.00,'b012012a87f14669ba95d91b20b4e1d9',38.00,'2025-11-02 12:24:09',0,NULL,'2025-11-02 06:24:09'),
(1,'17635380096858940',98,425,1,'三只松鼠每日坚果','','2024/01/美味零食_cat04_prod005_三只松鼠坚果_6npe78a9.jpg',79.00,'b012012a87f14669ba95d91b20b4e1d9',79.00,'2025-10-20 23:03:09',0,NULL,'2025-10-20 13:03:09'),
(1,'17635380096858940',74,401,1,'旺仔牛奶','','2019/05/b1a4bf7612554dbc8395f22e22d531c8.jpg',100.00,'b012012a87f14669ba95d91b20b4e1d9',100.00,'2025-10-20 23:03:09',0,NULL,'2025-10-20 13:03:09'),
(1,'17635380096858940',77,404,2,'测试商品C','','2019/05/1bdd097dbffd477799a7aca949377b20.jpg',50.00,'b012012a87f14669ba95d91b20b4e1d9',100.00,'2025-10-20 23:03:09',0,NULL,'2025-10-20 13:03:09'),
(1,'17635380096858940',75,402,3,'测试商品A','','2019/05/65525bbccee04ec5a094f38ce61d6b86.jpg',30.00,'b012012a87f14669ba95d91b20b4e1d9',90.00,'2025-10-20 23:03:09',0,NULL,'2025-10-20 13:03:09'),
(1,'17635380096858940',73,400,3,'阴阳师寮办秘制 月见和菓子 184克','芒果味 184克 ','2019/04/60c6300596504c10bd80d6365647b078.jpg',22.00,'b012012a87f14669ba95d91b20b4e1d9',66.00,'2025-10-20 23:03:09',0,NULL,'2025-10-20 13:03:09'),
(1,'17635380096874710',59,393,2,'兰蔻粉水清滢柔肤水400ml 爽肤水女保湿舒缓滋润嫩肤','400ml ','2019/04/ce5a32005a7a4f9483a17051bda6bd6c.jpg',420.00,'b012012a87f14669ba95d91b20b4e1d9',840.00,'2025-11-13 14:50:09',0,NULL,'2025-11-13 12:50:09'),
(2,'17635380096886750',74,401,3,'旺仔牛奶','','2019/05/b1a4bf7612554dbc8395f22e22d531c8.jpg',100.00,'dd4e49c23a1a4ea19428782706ade23c',300.00,'2025-10-23 13:16:09',0,NULL,'2025-10-23 07:16:09'),
(1,'17635380096893902',91,418,2,'Adidas 阿迪达斯运动套装','','2024/01/运动服饰_cat03_prod002_Adidas_运动服_b1cnt9ct.jpg',549.00,'dd4e49c23a1a4ea19428782706ade23c',1098.00,'2025-10-31 19:01:09',0,NULL,'2025-10-31 04:01:09'),
(1,'17635380096923481',80,407,1,'华为Mate 60 Pro 5G手机','','2024/01/手机数码_cat01_prod003_华为Mate_60_3umd03ae.jpg',6499.00,'dd4e49c23a1a4ea19428782706ade23c',6499.00,'2025-11-09 05:38:09',0,NULL,'2025-11-08 09:38:09'),
(1,'17635380096923481',81,408,1,'Samsung Galaxy S24 Ultra 5G手机','','2024/01/手机数码_cat01_prod004_Samsung_Galaxy_S24_uasupvmv.jpg',8499.00,'dd4e49c23a1a4ea19428782706ade23c',8499.00,'2025-11-09 05:38:09',0,NULL,'2025-11-08 09:38:09'),
(1,'17635380096937535',97,424,1,'可口可乐 经典汽水','','2024/01/美味零食_cat04_prod004_可口可乐_64lspopf.jpg',4.50,'dd4e49c23a1a4ea19428782706ade23c',4.50,'2025-11-14 16:09:09',0,NULL,'2025-11-14 02:09:09'),
(1,'17635380096944816',118,445,1,'高清行车记录仪','','2024/01/汽车用品_cat09_prod004_行车记录仪_7ck3avf6.jpg',359.00,'dd4e49c23a1a4ea19428782706ade23c',359.00,'2025-11-11 11:30:09',0,NULL,'2025-11-11 02:30:09'),
(1,'17635380096944816',109,436,2,'Coach 蔻驰经典手提包','','2024/01/服装配饰_cat07_prod003_Coach_包_f6tg85b8.jpg',2799.00,'dd4e49c23a1a4ea19428782706ade23c',5598.00,'2025-11-11 11:30:09',0,NULL,'2025-11-11 02:30:09'),
(1,'17635380096944816',105,432,1,'Pilot 百乐钢笔','','2024/01/图书文具_cat06_prod003_Pilot_钢笔_tzjc83fb.jpg',269.00,'dd4e49c23a1a4ea19428782706ade23c',269.00,'2025-11-11 11:30:09',0,NULL,'2025-11-11 02:30:09'),
(1,'17635380096944816',114,441,2,'NUK 宽口奶瓶','','2024/01/母婴用品_cat08_prod004_NUK_奶瓶_nv7odck5.jpg',79.00,'dd4e49c23a1a4ea19428782706ade23c',158.00,'2025-11-11 11:30:09',0,NULL,'2025-11-11 02:30:09'),
(1,'17635380096944816',103,430,2,'Amazon Kindle Paperwhite 电子书阅读器','','2024/01/图书文具_cat06_prod001_Kindle_电子书_6c3ae3pz.jpg',899.00,'dd4e49c23a1a4ea19428782706ade23c',1798.00,'2025-11-11 11:30:09',0,NULL,'2025-11-11 02:30:09'),
(1,'17635380096955636',83,410,2,'Apple MacBook Pro 14英寸笔记本电脑','','2024/01/手机数码_cat01_prod006_MacBook_Pro_b910zrsj.jpg',14999.00,'dd4e49c23a1a4ea19428782706ade23c',29998.00,'2025-11-10 12:14:09',0,NULL,'2025-11-09 15:14:09'),
(1,'17635380096972781',90,417,3,'Nike Air Max 270 运动鞋','','2024/01/运动服饰_cat03_prod001_Nike_Air_Max_psujsdav.jpg',799.00,'f416238b1ce142ce869324ea9820c402',2397.00,'2025-11-18 14:02:09',0,NULL,'2025-11-17 17:02:09'),
(1,'17635380096972781',123,450,2,'专业钓鱼竿','','2024/01/户外运动_cat10_prod004_钓鱼竿_nmmu4dyq.jpg',359.00,'f416238b1ce142ce869324ea9820c402',718.00,'2025-11-18 14:02:09',0,NULL,'2025-11-17 17:02:09'),
(1,'17635380096986056',122,449,3,'Columbia 冲锋衣','','2024/01/户外运动_cat10_prod003_Columbia_冲锋衣_iddtf9vt.jpg',799.00,'f416238b1ce142ce869324ea9820c402',2397.00,'2025-11-17 20:13:09',0,NULL,'2025-11-17 16:13:09'),
(1,'17635380096994743',118,445,1,'高清行车记录仪','','2024/01/汽车用品_cat09_prod004_行车记录仪_7ck3avf6.jpg',359.00,'f416238b1ce142ce869324ea9820c402',359.00,'2025-11-05 15:52:09',0,NULL,'2025-11-05 11:52:09'),
(1,'17635380097002888',95,422,3,'乐事薯片 经典原味','','2024/01/美味零食_cat04_prod002_乐事薯片_jkxb0du0.jpg',12.00,'f416238b1ce142ce869324ea9820c402',36.00,'2025-11-12 03:29:09',0,NULL,'2025-11-11 04:29:09'),
(1,'17635380097022351',68,268,2,'【Dole都乐】菲律宾都乐非转基因木瓜1只 单只约410g','','2019/04/0bfd73f43d764d20b2f0b92813abdc56.jpg',26.00,'28115f59248e4b1a983ca52f3fe2d3ec',52.00,'2025-10-27 03:41:09',0,NULL,'2025-10-26 16:41:09'),
(1,'17635380097038563',114,441,2,'NUK 宽口奶瓶','','2024/01/母婴用品_cat08_prod004_NUK_奶瓶_nv7odck5.jpg',79.00,'28115f59248e4b1a983ca52f3fe2d3ec',158.00,'2025-10-30 09:57:09',0,NULL,'2025-10-29 09:57:09'),
(1,'17635380097038563',107,434,2,'Uniqlo 优衣库经典衬衫','','2024/01/服装配饰_cat07_prod001_Uniqlo_衬衫_9t945krq.jpg',179.00,'28115f59248e4b1a983ca52f3fe2d3ec',358.00,'2025-10-30 09:57:09',0,NULL,'2025-10-29 09:57:09'),
(1,'17635380097043139',95,422,2,'乐事薯片 经典原味','','2024/01/美味零食_cat04_prod002_乐事薯片_jkxb0du0.jpg',12.00,'28115f59248e4b1a983ca52f3fe2d3ec',24.00,'2025-10-19 16:03:09',0,NULL,'2025-10-19 00:03:09'),
(1,'17635380097059202',106,433,1,'得力 办公文具套装','','2024/01/图书文具_cat06_prod004_得力_文具_azdvd0mn.jpg',79.00,'28115f59248e4b1a983ca52f3fe2d3ec',79.00,'2025-11-09 04:29:09',0,NULL,'2025-11-08 19:29:09'),
(1,'17635380097077304',107,434,1,'Uniqlo 优衣库经典衬衫','','2024/01/服装配饰_cat07_prod001_Uniqlo_衬衫_9t945krq.jpg',179.00,'6a16641c00a04e8b80fdb3e1eaf06e39',179.00,'2025-10-31 09:14:09',0,NULL,'2025-10-30 20:14:09'),
(1,'17635380097088760',111,438,3,'美赞臣 婴幼儿配方奶粉','','2024/01/母婴用品_cat08_prod001_美赞臣_奶粉_cqka7n6k.jpg',279.00,'6a16641c00a04e8b80fdb3e1eaf06e39',837.00,'2025-11-04 21:59:09',0,NULL,'2025-11-03 21:59:09'),
(1,'17635380097091646',119,446,2,'汽车香氛 车载香水','','2024/01/汽车用品_cat09_prod005_汽车香水_nagu1e6m.jpg',49.00,'6a16641c00a04e8b80fdb3e1eaf06e39',98.00,'2025-11-05 03:03:09',0,NULL,'2025-11-04 12:03:09'),
(1,'17635380097104478',105,432,2,'Pilot 百乐钢笔','','2024/01/图书文具_cat06_prod003_Pilot_钢笔_tzjc83fb.jpg',269.00,'6a16641c00a04e8b80fdb3e1eaf06e39',538.00,'2025-11-17 05:26:09',0,NULL,'2025-11-16 17:26:09'),
(1,'17635380097104478',114,441,1,'NUK 宽口奶瓶','','2024/01/母婴用品_cat08_prod004_NUK_奶瓶_nv7odck5.jpg',79.00,'6a16641c00a04e8b80fdb3e1eaf06e39',79.00,'2025-11-17 05:26:09',0,NULL,'2025-11-16 17:26:09'),
(1,'17635380097115439',99,426,1,'IKEA 宜家三人沙发','','2024/01/家居用品_cat05_prod001_IKEA_沙发_tm6dxhe1.jpg',2699.00,'6a16641c00a04e8b80fdb3e1eaf06e39',2699.00,'2025-10-23 09:24:09',0,NULL,'2025-10-22 14:24:09'),
(1,'17635380097115439',112,439,3,'费雪 益智玩具','','2024/01/母婴用品_cat08_prod002_费雪_玩具_e6l6e1y9.jpg',179.00,'6a16641c00a04e8b80fdb3e1eaf06e39',537.00,'2025-10-23 09:24:09',0,NULL,'2025-10-22 14:24:09'),
(1,'17635380097134179',93,420,3,'专业瑜伽垫 防滑加厚','','2024/01/运动服饰_cat03_prod004_Yoga_瑜伽垫_ihtgbfn3.jpg',179.00,'594a9b83cb714b3abc87aeb294f9d1f2',537.00,'2025-11-12 08:27:09',0,NULL,'2025-11-11 17:27:09'),
(1,'17635380097143267',100,427,2,'飞利浦 LED护眼台灯','','2024/01/家居用品_cat05_prod002_飞利浦台灯_y0yxp5d8.jpg',359.00,'594a9b83cb714b3abc87aeb294f9d1f2',718.00,'2025-10-23 02:59:09',0,NULL,'2025-10-22 23:59:09'),
(1,'17635380097143267',106,433,3,'得力 办公文具套装','','2024/01/图书文具_cat06_prod004_得力_文具_azdvd0mn.jpg',79.00,'594a9b83cb714b3abc87aeb294f9d1f2',237.00,'2025-10-23 02:59:09',0,NULL,'2025-10-22 23:59:09'),
(1,'17635380097152927',104,431,3,'Moleskine 经典笔记本','','2024/01/图书文具_cat06_prod002_Moleskine_笔记本_rtsiaht3.jpg',179.00,'594a9b83cb714b3abc87aeb294f9d1f2',537.00,'2025-11-13 17:43:09',0,NULL,'2025-11-13 14:43:09'),
(1,'17635380097167688',102,429,3,'IKEA 宜家双人床','','2024/01/家居用品_cat05_prod004_宜家_床_ow8rjeaa.jpg',1799.00,'594a9b83cb714b3abc87aeb294f9d1f2',5397.00,'2025-10-27 20:40:09',0,NULL,'2025-10-27 00:40:09'),
(1,'17635380097174008',116,443,1,'米其林 汽车轮胎','','2024/01/汽车用品_cat09_prod002_米其林_轮胎_ujjatl5k.jpg',649.00,'594a9b83cb714b3abc87aeb294f9d1f2',649.00,'2025-11-13 12:21:09',0,NULL,'2025-11-13 01:21:09'),
(1,'17635380097182630',107,434,1,'Uniqlo 优衣库经典衬衫','','2024/01/服装配饰_cat07_prod001_Uniqlo_衬衫_9t945krq.jpg',179.00,'87a6902c0adb47e8b2ad325748ff18a2',179.00,'2025-11-02 08:10:09',0,NULL,'2025-11-01 11:10:09'),
(1,'17635380097182630',117,444,2,'全包围汽车脚垫','','2024/01/汽车用品_cat09_prod003_汽车脚垫_5vak0w4h.jpg',269.00,'87a6902c0adb47e8b2ad325748ff18a2',538.00,'2025-11-02 08:10:09',0,NULL,'2025-11-01 11:10:09'),
(1,'17635380097182630',110,437,1,'Rolex 劳力士经典腕表','','2024/01/服装配饰_cat07_prod004_Rolex_手表_48l9w8yq.jpg',56999.00,'87a6902c0adb47e8b2ad325748ff18a2',56999.00,'2025-11-02 08:10:09',0,NULL,'2025-11-01 11:10:09'),
(1,'17635380097182630',118,445,1,'高清行车记录仪','','2024/01/汽车用品_cat09_prod004_行车记录仪_7ck3avf6.jpg',359.00,'87a6902c0adb47e8b2ad325748ff18a2',359.00,'2025-11-02 08:10:09',0,NULL,'2025-11-01 11:10:09'),
(1,'17635380097182630',114,441,1,'NUK 宽口奶瓶','','2024/01/母婴用品_cat08_prod004_NUK_奶瓶_nv7odck5.jpg',79.00,'87a6902c0adb47e8b2ad325748ff18a2',79.00,'2025-11-02 08:10:09',0,NULL,'2025-11-01 11:10:09'),
(1,'17635380097182630',115,442,2,'3M 汽车隔热膜','','2024/01/汽车用品_cat09_prod001_3M_汽车贴膜_h2jsnsv1.jpg',1799.00,'87a6902c0adb47e8b2ad325748ff18a2',3598.00,'2025-11-02 08:10:09',0,NULL,'2025-11-01 11:10:09'),
(1,'17635380097206679',113,440,1,'好孩子 婴儿推车','','2024/01/母婴用品_cat08_prod003_好孩子_婴儿车_gmxistng.jpg',799.00,'87a6902c0adb47e8b2ad325748ff18a2',799.00,'2025-11-11 08:36:09',0,NULL,'2025-11-11 04:36:09'),
(1,'17635380097206679',101,428,1,'无印良品 简约玻璃花瓶','','2024/01/家居用品_cat05_prod003_无印良品_花瓶_mdvsj89m.jpg',79.00,'87a6902c0adb47e8b2ad325748ff18a2',79.00,'2025-11-11 08:36:09',0,NULL,'2025-11-11 04:36:09'),
(1,'17635380097211435',102,429,2,'IKEA 宜家双人床','','2024/01/家居用品_cat05_prod004_宜家_床_ow8rjeaa.jpg',1799.00,'87a6902c0adb47e8b2ad325748ff18a2',3598.00,'2025-11-12 03:49:09',0,NULL,'2025-11-11 21:49:09'),
(1,'17635380097211435',111,438,1,'美赞臣 婴幼儿配方奶粉','','2024/01/母婴用品_cat08_prod001_美赞臣_奶粉_cqka7n6k.jpg',279.00,'87a6902c0adb47e8b2ad325748ff18a2',279.00,'2025-11-12 03:49:09',0,NULL,'2025-11-11 21:49:09'),
(1,'17635380097222809',117,444,2,'全包围汽车脚垫','','2024/01/汽车用品_cat09_prod003_汽车脚垫_5vak0w4h.jpg',269.00,'87a6902c0adb47e8b2ad325748ff18a2',538.00,'2025-11-08 00:30:09',0,NULL,'2025-11-07 05:30:09'),
(1,'17635380097222809',109,436,2,'Coach 蔻驰经典手提包','','2024/01/服装配饰_cat07_prod003_Coach_包_f6tg85b8.jpg',2799.00,'87a6902c0adb47e8b2ad325748ff18a2',5598.00,'2025-11-08 00:30:09',0,NULL,'2025-11-07 05:30:09'),
(1,'17635380097239934',116,443,1,'米其林 汽车轮胎','','2024/01/汽车用品_cat09_prod002_米其林_轮胎_ujjatl5k.jpg',649.00,'87a6902c0adb47e8b2ad325748ff18a2',649.00,'2025-10-31 07:26:09',0,NULL,'2025-10-30 07:26:09'),
(1,'17635380097248758',110,437,2,'Rolex 劳力士经典腕表','','2024/01/服装配饰_cat07_prod004_Rolex_手表_48l9w8yq.jpg',56999.00,'743fbe772665404fad4ef7442108fe48',113998.00,'2025-10-25 03:38:09',0,NULL,'2025-10-25 01:38:09'),
(1,'17635380097248758',114,441,2,'NUK 宽口奶瓶','','2024/01/母婴用品_cat08_prod004_NUK_奶瓶_nv7odck5.jpg',79.00,'743fbe772665404fad4ef7442108fe48',158.00,'2025-10-25 03:38:09',0,NULL,'2025-10-25 01:38:09'),
(1,'17635380097248758',116,443,1,'米其林 汽车轮胎','','2024/01/汽车用品_cat09_prod002_米其林_轮胎_ujjatl5k.jpg',649.00,'743fbe772665404fad4ef7442108fe48',649.00,'2025-10-25 03:38:09',0,NULL,'2025-10-25 01:38:09'),
(1,'17635380097248758',99,426,1,'IKEA 宜家三人沙发','','2024/01/家居用品_cat05_prod001_IKEA_沙发_tm6dxhe1.jpg',2699.00,'743fbe772665404fad4ef7442108fe48',2699.00,'2025-10-25 03:38:09',0,NULL,'2025-10-25 01:38:09'),
(1,'17635380097248758',100,427,1,'飞利浦 LED护眼台灯','','2024/01/家居用品_cat05_prod002_飞利浦台灯_y0yxp5d8.jpg',359.00,'743fbe772665404fad4ef7442108fe48',359.00,'2025-10-25 03:38:09',0,NULL,'2025-10-25 01:38:09'),
(1,'17635380097259427',108,435,3,'Nike 耐克运动鞋','','2024/01/服装配饰_cat07_prod002_Nike_运动鞋_cp7xm2l3.jpg',649.00,'4016cc54d6714b1da73c6f780f10b346',1947.00,'2025-10-22 02:27:09',0,NULL,'2025-10-22 01:27:09'),
(1,'17635380097279319',114,441,1,'NUK 宽口奶瓶','','2024/01/母婴用品_cat08_prod004_NUK_奶瓶_nv7odck5.jpg',79.00,'cc7a2ab7dfea491f8ffc8e0b5e6fbb89',79.00,'2025-11-08 19:00:09',0,NULL,'2025-11-08 10:00:09');

-- 插入订单结算（已支付订单）
INSERT INTO `tz_order_settlement`(`pay_no`,`biz_pay_no`,`order_number`,`pay_type`,`pay_type_name`,`pay_amount`,`is_clearing`,`user_id`,`create_time`,`clearing_time`,`version`,`pay_status`) VALUES
('17635380097284411',NULL,'17635380093863091',2,NULL,7606.00,0,'0fe1676cfd0c4f8ca31387d007a010b4','2025-11-08 14:59:09',NULL,0,1),
('17635380097299412',NULL,'17635380093907311',1,NULL,2397.00,0,'0fe1676cfd0c4f8ca31387d007a010b4','2025-11-10 00:01:09',NULL,0,1),
('17635380097301339',NULL,'17635380094053490',1,NULL,1598.00,0,'0fe1676cfd0c4f8ca31387d007a010b4','2025-11-05 12:33:09',NULL,0,1),
('17635380097313931',NULL,'17635380094159151',1,NULL,42.00,0,'0fe1676cfd0c4f8ca31387d007a010b4','2025-10-26 12:18:09',NULL,0,1),
('17635380097326330',NULL,'17635380094194062',1,NULL,179.00,0,'0fe1676cfd0c4f8ca31387d007a010b4','2025-10-29 12:54:09',NULL,0,1),
('17635380097333108',NULL,'17635380094298991',2,NULL,4753.00,0,'0fe1676cfd0c4f8ca31387d007a010b4','2025-11-01 07:27:09',NULL,0,1),
('17635380097344585',NULL,'17635380094495525',2,NULL,6658.20,0,'0fe1676cfd0c4f8ca31387d007a010b4','2025-11-01 11:50:09',NULL,0,1),
('17635380097367609',NULL,'17635380094545278',2,NULL,517.00,0,'0fe1676cfd0c4f8ca31387d007a010b4','2025-11-15 13:23:09',NULL,0,1),
('17635380097377379',NULL,'17635380094578658',1,NULL,6999.00,0,'0fe1676cfd0c4f8ca31387d007a010b4','2025-11-11 21:42:09',NULL,0,1),
('17635380097388476',NULL,'17635380094626669',1,NULL,4890.00,0,'799f8b6f960f4b38bcb64a3b8dff75b1','2025-10-22 03:02:09',NULL,0,1),
('17635380097397674',NULL,'17635380094656025',1,NULL,3036.20,0,'799f8b6f960f4b38bcb64a3b8dff75b1','2025-10-20 13:33:09',NULL,0,1),
('17635380097402023',NULL,'17635380094697042',2,NULL,161.10,0,'799f8b6f960f4b38bcb64a3b8dff75b1','2025-10-25 11:41:09',NULL,0,1),
('17635380097416525',NULL,'17635380094755259',1,NULL,11097.00,0,'799f8b6f960f4b38bcb64a3b8dff75b1','2025-11-12 02:04:09',NULL,0,1),
('17635380097422473',NULL,'17635380094796972',2,NULL,511.10,0,'799f8b6f960f4b38bcb64a3b8dff75b1','2025-11-14 12:34:09',NULL,0,1),
('17635380097436691',NULL,'17635380094822233',2,NULL,19497.00,0,'799f8b6f960f4b38bcb64a3b8dff75b1','2025-10-25 04:42:09',NULL,0,1),
('17635380097441846',NULL,'17635380094846996',1,NULL,1598.00,0,'799f8b6f960f4b38bcb64a3b8dff75b1','2025-11-06 13:56:09',NULL,0,1),
('17635380097468189',NULL,'17635380094879522',2,NULL,16998.00,0,'799f8b6f960f4b38bcb64a3b8dff75b1','2025-10-29 15:33:09',NULL,0,1),
('17635380097479384',NULL,'17635380094917347',1,NULL,4794.00,0,'799f8b6f960f4b38bcb64a3b8dff75b1','2025-11-05 18:01:09',NULL,0,1),
('17635380097481577',NULL,'17635380094999497',1,NULL,188.00,0,'1b97d63283ae4075bc88e8fb831f691f','2025-11-18 14:51:09',NULL,0,1),
('17635380097492052',NULL,'17635380095036686',1,NULL,945.00,0,'1b97d63283ae4075bc88e8fb831f691f','2025-11-01 21:07:09',NULL,0,1),
('17635380097504681',NULL,'17635380095074286',2,NULL,98.00,0,'1b97d63283ae4075bc88e8fb831f691f','2025-10-23 17:17:09',NULL,0,1),
('17635380097511830',NULL,'17635380095117952',1,NULL,16998.00,0,'1b97d63283ae4075bc88e8fb831f691f','2025-11-01 11:35:09',NULL,0,1),
('17635380097528410',NULL,'17635380095173358',1,NULL,1699.00,0,'1b97d63283ae4075bc88e8fb831f691f','2025-11-06 09:26:09',NULL,0,1),
('17635380097534090',NULL,'17635380095207562',2,NULL,270.00,0,'1b97d63283ae4075bc88e8fb831f691f','2025-10-26 00:22:09',NULL,0,1),
('17635380097543388',NULL,'17635380095244688',1,NULL,2391.15,0,'1b97d63283ae4075bc88e8fb831f691f','2025-11-14 19:33:09',NULL,0,1),
('17635380097565182',NULL,'17635380095451452',1,NULL,3245.00,0,'1c34a3c857f44b5d8e571aefc26c2e90','2025-11-12 18:32:09',NULL,0,1),
('17635380097572450',NULL,'17635380095476344',1,NULL,3058.20,0,'1c34a3c857f44b5d8e571aefc26c2e90','2025-11-06 14:20:09',NULL,0,1),
('17635380097581133',NULL,'17635380095513865',1,NULL,200.00,0,'1c34a3c857f44b5d8e571aefc26c2e90','2025-11-06 18:03:09',NULL,0,1),
('17635380097599333',NULL,'17635380095754333',2,NULL,537.00,0,'1c34a3c857f44b5d8e571aefc26c2e90','2025-11-02 12:16:09',NULL,0,1),
('17635380097601231',NULL,'17635380095776323',1,NULL,445.00,0,'1c34a3c857f44b5d8e571aefc26c2e90','2025-11-17 02:54:09',NULL,0,1),
('17635380097619560',NULL,'17635380095822262',2,NULL,44997.00,0,'e511029f576b479ba3dd3047e690b732','2025-11-10 10:56:09',NULL,0,1),
('17635380097623279',NULL,'17635380095845441',1,NULL,267.30,0,'e511029f576b479ba3dd3047e690b732','2025-11-16 02:38:09',NULL,0,1),
('17635380097631859',NULL,'17635380095876692',2,NULL,6273.90,0,'e511029f576b479ba3dd3047e690b732','2025-11-07 15:41:09',NULL,0,1),
('17635380097651480',NULL,'17635380095941153',2,NULL,54.10,0,'e511029f576b479ba3dd3047e690b732','2025-11-02 18:26:09',NULL,0,1),
('17635380097665595',NULL,'17635380095984461',2,NULL,359.00,0,'e511029f576b479ba3dd3047e690b732','2025-11-13 18:13:09',NULL,0,1),
('17635380097672947',NULL,'17635380096018102',2,NULL,1079.10,0,'e511029f576b479ba3dd3047e690b732','2025-11-17 04:34:09',NULL,0,1),
('17635380097687906',NULL,'17635380096034990',2,NULL,300.00,0,'a88348479a044e8a81b9982a20fa79f7','2025-10-30 02:10:09',NULL,0,1),
('17635380097692896',NULL,'17635380096043303',1,NULL,109393.45,0,'a88348479a044e8a81b9982a20fa79f7','2025-11-10 01:34:09',NULL,0,1),
('17635380097702230',NULL,'17635380096065528',1,NULL,817.00,0,'a88348479a044e8a81b9982a20fa79f7','2025-10-26 02:10:09',NULL,0,1),
('17635380097712566',NULL,'17635380096134691',2,NULL,5397.00,0,'a88348479a044e8a81b9982a20fa79f7','2025-10-23 15:31:09',NULL,0,1),
('17635380097722971',NULL,'17635380096211637',1,NULL,5223.10,0,'6ecaaaccab2f4fa1ab912d60f0795649','2025-11-07 12:30:09',NULL,0,1),
('17635380097745511',NULL,'17635380096259725',2,NULL,1045.00,0,'6ecaaaccab2f4fa1ab912d60f0795649','2025-10-22 18:59:09',NULL,0,1),
('17635380097756127',NULL,'17635380096333814',1,NULL,90.00,0,'6ecaaaccab2f4fa1ab912d60f0795649','2025-11-11 15:53:09',NULL,0,1),
('17635380097767248',NULL,'17635380096449504',2,NULL,1699.00,0,'6ecaaaccab2f4fa1ab912d60f0795649','2025-11-16 04:20:09',NULL,0,1),
('17635380097778791',NULL,'17635380096489152',2,NULL,213.00,0,'6ecaaaccab2f4fa1ab912d60f0795649','2025-11-11 12:09:09',NULL,0,1),
('17635380097789763',NULL,'17635380096532583',2,NULL,237.00,0,'489160ceb76d44bfb057e85ca37cd227','2025-11-08 20:31:09',NULL,0,1),
('17635380097794141',NULL,'17635380096668701',2,NULL,11097.00,0,'489160ceb76d44bfb057e85ca37cd227','2025-11-15 22:01:09',NULL,0,1),
('17635380097809741',NULL,'17635380096691640',1,NULL,237.00,0,'489160ceb76d44bfb057e85ca37cd227','2025-10-27 06:46:09',NULL,0,1),
('17635380097812591',NULL,'17635380096737581',1,NULL,5398.00,0,'489160ceb76d44bfb057e85ca37cd227','2025-11-09 15:00:09',NULL,0,1),
('17635380097821430',NULL,'17635380096758776',1,NULL,3514.05,0,'489160ceb76d44bfb057e85ca37cd227','2025-11-01 20:39:09',NULL,0,1),
('17635380097843247',NULL,'17635380096794715',2,NULL,516.00,0,'b012012a87f14669ba95d91b20b4e1d9','2025-11-05 15:02:09',NULL,0,1),
('17635380097858102',NULL,'17635380096841659',2,NULL,36.10,0,'b012012a87f14669ba95d91b20b4e1d9','2025-11-02 12:34:09',NULL,0,1),
('17635380097868302',NULL,'17635380096858940',2,NULL,413.25,0,'b012012a87f14669ba95d91b20b4e1d9','2025-10-20 23:40:09',NULL,0,1),
('17635380097876941',NULL,'17635380096874710',2,NULL,840.00,0,'b012012a87f14669ba95d91b20b4e1d9','2025-11-13 15:04:09',NULL,0,1),
('17635380097885298',NULL,'17635380096886750',2,NULL,300.00,0,'dd4e49c23a1a4ea19428782706ade23c','2025-10-23 14:07:09',NULL,0,1),
('17635380097894937',NULL,'17635380096937535',2,NULL,24.50,0,'dd4e49c23a1a4ea19428782706ade23c','2025-11-14 16:59:09',NULL,0,1),
('17635380097904867',NULL,'17635380096944816',1,NULL,7363.80,0,'dd4e49c23a1a4ea19428782706ade23c','2025-11-11 11:39:09',NULL,0,1),
('17635380097925990',NULL,'17635380096955636',1,NULL,28498.10,0,'dd4e49c23a1a4ea19428782706ade23c','2025-11-10 12:42:09',NULL,0,1),
('17635380097933150',NULL,'17635380096986056',1,NULL,2397.00,0,'f416238b1ce142ce869324ea9820c402','2025-11-17 20:48:09',NULL,0,1),
('17635380097949872',NULL,'17635380096994743',2,NULL,359.00,0,'f416238b1ce142ce869324ea9820c402','2025-11-05 16:20:09',NULL,0,1),
('17635380097951734',NULL,'17635380097002888',2,NULL,51.00,0,'f416238b1ce142ce869324ea9820c402','2025-11-12 04:19:09',NULL,0,1),
('17635380097962042',NULL,'17635380097022351',1,NULL,59.40,0,'28115f59248e4b1a983ca52f3fe2d3ec','2025-10-27 04:40:09',NULL,0,1),
('17635380097979894',NULL,'17635380097038563',2,NULL,516.00,0,'28115f59248e4b1a983ca52f3fe2d3ec','2025-10-30 10:03:09',NULL,0,1),
('17635380097983638',NULL,'17635380097043139',1,NULL,32.80,0,'28115f59248e4b1a983ca52f3fe2d3ec','2025-10-19 16:17:09',NULL,0,1),
('17635380097998911',NULL,'17635380097059202',2,NULL,90.05,0,'28115f59248e4b1a983ca52f3fe2d3ec','2025-11-09 05:06:09',NULL,0,1),
('17635380098007861',NULL,'17635380097077304',1,NULL,179.00,0,'6a16641c00a04e8b80fdb3e1eaf06e39','2025-10-31 10:14:09',NULL,0,1),
('17635380098026596',NULL,'17635380097088760',2,NULL,837.00,0,'6a16641c00a04e8b80fdb3e1eaf06e39','2025-11-04 22:59:09',NULL,0,1),
('17635380098037800',NULL,'17635380097091646',2,NULL,108.00,0,'6a16641c00a04e8b80fdb3e1eaf06e39','2025-11-05 03:42:09',NULL,0,1),
('17635380098047694',NULL,'17635380097104478',1,NULL,617.00,0,'6a16641c00a04e8b80fdb3e1eaf06e39','2025-11-17 06:26:09',NULL,0,1),
('17635380098055407',NULL,'17635380097115439',1,NULL,3236.00,0,'6a16641c00a04e8b80fdb3e1eaf06e39','2025-10-23 09:27:09',NULL,0,1),
('17635380098066911',NULL,'17635380097134179',1,NULL,510.15,0,'594a9b83cb714b3abc87aeb294f9d1f2','2025-11-12 09:02:09',NULL,0,1),
('17635380098073919',NULL,'17635380097143267',2,NULL,907.25,0,'594a9b83cb714b3abc87aeb294f9d1f2','2025-10-23 03:55:09',NULL,0,1),
('17635380098089210',NULL,'17635380097152927',1,NULL,537.00,0,'594a9b83cb714b3abc87aeb294f9d1f2','2025-11-13 17:59:09',NULL,0,1),
('17635380098094268',NULL,'17635380097167688',2,NULL,5397.00,0,'594a9b83cb714b3abc87aeb294f9d1f2','2025-10-27 21:23:09',NULL,0,1),
('17635380098104813',NULL,'17635380097174008',2,NULL,649.00,0,'594a9b83cb714b3abc87aeb294f9d1f2','2025-11-13 12:37:09',NULL,0,1),
('17635380098125001',NULL,'17635380097182630',2,NULL,61752.00,0,'87a6902c0adb47e8b2ad325748ff18a2','2025-11-02 08:22:09',NULL,0,1),
('17635380098134741',NULL,'17635380097206679',1,NULL,878.00,0,'87a6902c0adb47e8b2ad325748ff18a2','2025-11-11 08:47:09',NULL,0,1),
('17635380098146448',NULL,'17635380097211435',2,NULL,3877.00,0,'87a6902c0adb47e8b2ad325748ff18a2','2025-11-12 04:23:09',NULL,0,1),
('17635380098154868',NULL,'17635380097222809',2,NULL,6136.00,0,'87a6902c0adb47e8b2ad325748ff18a2','2025-11-08 00:51:09',NULL,0,1),
('17635380098161409',NULL,'17635380097239934',1,NULL,649.00,0,'87a6902c0adb47e8b2ad325748ff18a2','2025-10-31 08:26:09',NULL,0,1),
('17635380098172492',NULL,'17635380097248758',1,NULL,117863.00,0,'743fbe772665404fad4ef7442108fe48','2025-10-25 03:44:09',NULL,0,1),
('17635380098186343',NULL,'17635380097259427',2,NULL,1947.00,0,'4016cc54d6714b1da73c6f780f10b346','2025-10-22 03:11:09',NULL,0,1),
('17635380098199259',NULL,'17635380097279319',2,NULL,71.10,0,'cc7a2ab7dfea491f8ffc8e0b5e6fbb89','2025-11-08 19:48:09',NULL,0,1);
